{"type": "FeatureCollection", "features": [{"type": "Feature", "properties": {"nome": "FIBRA AS MINI RAR -R2 3", "tipo": "cabo", "categoria": "ramal_mini", "comprimento": "", "fibras": "", "cor_kml": "ff00ffff", "pontos": 5}, "geometry": {"type": "LineString", "coordinates": [[-41.329154148518, -21.752800098625002], [-41.32919464372699, -21.752952316461005], [-41.329037592619, -21.753020070522012], [-41.328919575423, -21.753072385900992], [-41.328788147181, -21.753114736431996]]}}, {"type": "Feature", "properties": {"nome": "64M - 12FO", "tipo": "cabo", "categoria": "backbone_area", "comprimento": "64", "fibras": "12", "cor_kml": "ffffff00", "pontos": 6}, "geometry": {"type": "LineString", "coordinates": [[-41.328646246584, -21.752762006669997], [-41.328670088515, -21.752822902942995], [-41.328693930282, -21.752878263224005], [-41.328717772212, -21.752936391503994], [-41.328744594303004, -21.752994519685004], [-41.328950230382, -21.752905943357007]]}}, {"type": "Feature", "properties": {"nome": "FIBRA AS MINI RAR -R12 3", "tipo": "cabo", "categoria": "ramal_mini", "comprimento": "", "fibras": "", "cor_kml": "ffffff00", "pontos": 4}, "geometry": {"type": "LineString", "coordinates": [[-41.335372856088, -21.750536374624005], [-41.335522869773, -21.751353849926005], [-41.336655358205, -21.750971859662016], [-41.33668814077699, -21.75102168454299]]}}, {"type": "Feature", "properties": {"nome": "38M - 12FO", "tipo": "cabo", "categoria": "backbone_area", "comprimento": "38", "fibras": "12", "cor_kml": "ff0080ff", "pontos": 5}, "geometry": {"type": "LineString", "coordinates": [[-41.328860823306, -21.752678966172013], [-41.328878704753, -21.752734326509], [-41.328902546521, -21.752786918802002], [-41.328923408291, -21.752842279020996], [-41.328950230382, -21.752905943357007]]}}, {"type": "Feature", "properties": {"nome": "FIBRA AS MINI RAR -R1 7", "tipo": "cabo", "categoria": "ramal_mini", "comprimento": "", "fibras": "", "cor_kml": "ff00ff00", "pontos": 4}, "geometry": {"type": "LineString", "coordinates": [[-41.335372856088, -21.750536374624005], [-41.335238745637, -21.750608344100996], [-41.335140397917996, -21.750630488618], [-41.335027149075, -21.750649864992]]}}, {"type": "Feature", "properties": {"nome": "FIBRA AS MINI RAR -R2 4", "tipo": "cabo", "categoria": "ramal_mini", "comprimento": "", "fibras": "", "cor_kml": "ff00ffff", "pontos": 4}, "geometry": {"type": "LineString", "coordinates": [[-41.335372856088, -21.750536374624005], [-41.335351562071004, -21.750411698628], [-41.33518168888801, -21.750439379236994], [-41.335071420205, -21.750455987568003]]}}, {"type": "Feature", "properties": {"nome": "FIBRA AS MINI RAR -R2 1", "tipo": "cabo", "categoria": "ramal_mini", "comprimento": "", "fibras": "", "cor_kml": "ff00ffff", "pontos": 8}, "geometry": {"type": "LineString", "coordinates": [[-41.327411363055006, -21.75404367195401], [-41.327426558922, -21.754112967210006], [-41.327766572164, -21.753979554946994], [-41.327752930621, -21.753938274620992], [-41.327723426322, -21.753863538811004], [-41.32769392202201, -21.753783820569993], [-41.327664417723, -21.753721540664003], [-41.32764027784201, -21.753649295939013]]}}, {"type": "Feature", "properties": {"nome": "FIBRA AS MINI RAR -R4 1", "tipo": "cabo", "categoria": "ramal_mini", "comprimento": "", "fibras": "", "cor_kml": "ffff0000", "pontos": 6}, "geometry": {"type": "LineString", "coordinates": [[-41.327411363055006, -21.75404367195401], [-41.32744541621201, -21.75408136703399], [-41.327586430591, -21.754030559002004], [-41.32741727935499, -21.753667138828007], [-41.327212498574006, -21.753741506783015], [-41.327109004889, -21.75373566979202]]}}, {"type": "Feature", "properties": {"nome": "84M - 6FO", "tipo": "cabo", "categoria": "ramal_area", "comprimento": "84", "fibras": "6", "cor_kml": "ff0000ff", "pontos": 6}, "geometry": {"type": "LineString", "coordinates": [[-41.326751123898, -21.754046939946008], [-41.326541705909, -21.753836547193004], [-41.326630218807004, -21.753858967943998], [-41.326589985672, -21.753826582412998], [-41.326654358688, -21.753786723288016], [-41.326753600421, -21.753687075426967]]}}, {"type": "Feature", "properties": {"nome": "FIBRA AS MINI RAR -R1 1", "tipo": "cabo", "categoria": "ramal_mini", "comprimento": "", "fibras": "", "cor_kml": "ff00ff00", "pontos": 6}, "geometry": {"type": "LineString", "coordinates": [[-41.327411363055006, -21.75404367195401], [-41.327510153004, -21.754018370501996], [-41.327485769196, -21.753957223092], [-41.327456508824, -21.753891546150996], [-41.327429686734, -21.753828133971], [-41.327393111185, -21.753766986404003]]}}, {"type": "Feature", "properties": {"nome": "90M - 6FO", "tipo": "cabo", "categoria": "ramal_area", "comprimento": "90", "fibras": "6", "cor_kml": "ff00ffff", "pontos": 5}, "geometry": {"type": "LineString", "coordinates": [[-41.326025872055, -21.753243377326], [-41.326109020534, -21.753313131051], [-41.32619485122299, -21.75338288474302], [-41.326111138121995, -21.753471052726], [-41.326261616356, -21.753636870991997]]}}, {"type": "Feature", "properties": {"nome": "53M - 6FO", "tipo": "cabo", "categoria": "ramal_area", "comprimento": "53", "fibras": "6", "cor_kml": "ff00ff00", "pontos": 2}, "geometry": {"type": "LineString", "coordinates": [[-41.325880007603, -21.753302579354], [-41.326261616356, -21.753636870991997]]}}, {"type": "Feature", "properties": {"nome": "135M - 12FO", "tipo": "cabo", "categoria": "backbone_area", "comprimento": "135", "fibras": "12", "cor_kml": "ff00ff00", "pontos": 4}, "geometry": {"type": "LineString", "coordinates": [[-41.328950230382, -21.752905943357007], [-41.329154148518, -21.752800098625002], [-41.329395547329, -21.753284500288984], [-41.328981295011005, -21.75345888448898]]}}, {"type": "Feature", "properties": {"nome": "315M - 6F", "tipo": "cabo", "categoria": "ramal_area", "comprimento": "315", "fibras": "6", "cor_kml": "ff00fa2a", "pontos": 7}, "geometry": {"type": "LineString", "coordinates": [[-41.340536270518, -21.75196124467199], [-41.34052176097699, -21.751994673286006], [-41.340886891442, -21.751326896681988], [-41.341920477295, -21.751387752944012], [-41.34175622540399, -21.75165565142801], [-41.341609123583, -21.751810244655005], [-41.341264491711, -21.752287582646005]]}}, {"type": "Feature", "properties": {"nome": "110M - 6F", "tipo": "cabo", "categoria": "ramal_area", "comprimento": "110", "fibras": "6", "cor_kml": "ff00fa2a", "pontos": 3}, "geometry": {"type": "LineString", "coordinates": [[-41.33987085448201, -21.751297543807993], [-41.339933712871, -21.751204208107993], [-41.340872517819, -21.751325227180985]]}}, {"type": "Feature", "properties": {"nome": "231M - 12F", "tipo": "cabo", "categoria": "backbone_area", "comprimento": "231", "fibras": "12", "cor_kml": "ffd6ab00", "pontos": 3}, "geometry": {"type": "LineString", "coordinates": [[-41.343076922281, -21.750959494054], [-41.345113518926006, -21.750286524510003], [-41.34516339051199, -21.750338215878998]]}}, {"type": "Feature", "properties": {"nome": "370M - 6F", "tipo": "cabo", "categoria": "ramal_area", "comprimento": "370", "fibras": "6", "cor_kml": "ff00fa2a", "pontos": 7}, "geometry": {"type": "LineString", "coordinates": [[-41.344074513858, -21.752530786692006], [-41.343828899695, -21.752893913625996], [-41.343411118355, -21.75327934136], [-41.3430023999, -21.753724526468005], [-41.34241185082799, -21.753687157764006], [-41.342343615765, -21.753650626804983], [-41.342746497496, -21.753111833941006]]}}, {"type": "Feature", "properties": {"nome": "146M - 6F", "tipo": "cabo", "categoria": "ramal_area", "comprimento": "146", "fibras": "6", "cor_kml": "ff00fa2a", "pontos": 7}, "geometry": {"type": "LineString", "coordinates": [[-41.34364141194, -21.751418443223997], [-41.343628270298, -21.75158322932799], [-41.343570346058, -21.751806217058004], [-41.343328172308, -21.752245896858994], [-41.343240321048995, -21.752151104185984], [-41.343122251864, -21.752068320744996], [-41.342982172585, -21.751992404158997]]}}, {"type": "Feature", "properties": {"nome": "FIBRA AS MINI RAR -R1 2", "tipo": "cabo", "categoria": "ramal_mini", "comprimento": "", "fibras": "", "cor_kml": "ff00ff00", "pontos": 4}, "geometry": {"type": "LineString", "coordinates": [[-41.34234540311301, -21.75267427542998], [-41.342375395102, -21.752627621857997], [-41.342199832211, -21.752525708456005], [-41.342253476391, -21.752407941778003]]}}, {"type": "Feature", "properties": {"nome": "280M - 12F", "tipo": "cabo", "categoria": "backbone_area", "comprimento": "280", "fibras": "12", "cor_kml": "ffd6ab00", "pontos": 13}, "geometry": {"type": "LineString", "coordinates": [[-41.341927119256, -21.75137475714], [-41.342029446598, -21.751415088147], [-41.342350259277, -21.751598198143], [-41.342484114109, -21.751674371198007], [-41.342728971484, -21.75183918911901], [-41.34297681957, -21.751995148318002], [-41.343116280626994, -21.752080670946], [-41.343223130852, -21.752150819864], [-41.343399173524006, -21.752251474513983], [-41.34334468874601, -21.752315353237023], [-41.343251723974, -21.752429278647014], [-41.343174085753, -21.752546219915004], [-41.342749912052, -21.753124527300997]]}}, {"type": "Feature", "properties": {"nome": "124M - 6F", "tipo": "cabo", "categoria": "ramal_area", "comprimento": "124", "fibras": "6", "cor_kml": "ff00fa2a", "pontos": 5}, "geometry": {"type": "LineString", "coordinates": [[-41.342253476391, -21.752407941778003], [-41.342355358243005, -21.752250006478988], [-41.342603477848, -21.751865375484996], [-41.342710483534, -21.751856559643997], [-41.342967066699, -21.752006836891]]}}, {"type": "Feature", "properties": {"nome": "346M - 6F", "tipo": "cabo", "categoria": "ramal_area", "comprimento": "346", "fibras": "6", "cor_kml": "ff00fa2a", "pontos": 7}, "geometry": {"type": "LineString", "coordinates": [[-41.34871332758801, -21.751322879748983], [-41.348489845136996, -21.750751068374], [-41.348504154619995, -21.750607201663996], [-41.349056705683, -21.75042553652999], [-41.349105826735006, -21.750539218263], [-41.349398924348, -21.751312700724], [-41.349694628859, -21.752148367616]]}}, {"type": "Feature", "properties": {"nome": "450M - 6F", "tipo": "cabo", "categoria": "ramal_area", "comprimento": "450", "fibras": "6", "cor_kml": "ff00fa2a", "pontos": 8}, "geometry": {"type": "LineString", "coordinates": [[-41.350166741781, -21.751595973658993], [-41.349907226794, -21.750940053416997], [-41.349663524515, -21.750352640741994], [-41.34967602653, -21.750249030109984], [-41.350278586838996, -21.750040193790014], [-41.350289885595, -21.750187703270996], [-41.350467670001, -21.750745293568997], [-41.350953669126, -21.751963309027985]]}}, {"type": "Feature", "properties": {"nome": "204M - 6F", "tipo": "cabo", "categoria": "ramal_area", "comprimento": "204", "fibras": "6", "cor_kml": "ff00fa2a", "pontos": 3}, "geometry": {"type": "LineString", "coordinates": [[-41.34797663294499, -21.75161417406501], [-41.347712934713, -21.750889812607], [-41.34879368812, -21.750514228083006]]}}, {"type": "Feature", "properties": {"nome": "155M - 6F", "tipo": "cabo", "categoria": "ramal_area", "comprimento": "155", "fibras": "6", "cor_kml": "ff00fa2a", "pontos": 4}, "geometry": {"type": "LineString", "coordinates": [[-41.351440592027, -21.751585717176], [-41.351184533267, -21.75084142319001], [-41.351278575047, -21.75093152055203], [-41.351773077589996, -21.75077073310399]]}}, {"type": "Feature", "properties": {"nome": "134M - 12F", "tipo": "cabo", "categoria": "backbone_area", "comprimento": "134", "fibras": "12", "cor_kml": "ffd6ab00", "pontos": 2}, "geometry": {"type": "LineString", "coordinates": [[-41.34905529796101, -21.750453997256017], [-41.350269574514, -21.750034441631]]}}, {"type": "Feature", "properties": {"nome": "109M - 6FO", "tipo": "cabo", "categoria": "ramal_area", "comprimento": "109", "fibras": "6", "cor_kml": "ffffffff", "pontos": 4}, "geometry": {"type": "LineString", "coordinates": [[-41.357208803921, -21.750578082934993], [-41.357570015133, -21.750576488464006], [-41.357947774806995, -21.750531729811], [-41.358118178692, -21.750285642275003]]}}, {"type": "Feature", "properties": {"nome": "347M - 6FO", "tipo": "cabo", "categoria": "ramal_area", "comprimento": "347", "fibras": "6", "cor_kml": "ff0000ff", "pontos": 14}, "geometry": {"type": "LineString", "coordinates": [[-41.356333949019, -21.753830701094003], [-41.356166715263, -21.753603858957007], [-41.356094863547995, -21.753481245204], [-41.356014070998, -21.753330098046007], [-41.355923887186, -21.753297996781], [-41.35575019971001, -21.753411579095], [-41.35561285058999, -21.753524867493], [-41.355573300158, -21.753852130726997], [-41.35572953948, -21.754087837826006], [-41.355707432258, -21.754113355247995], [-41.355553954398, -21.753875097814003], [-41.355354368482, -21.753406538768004], [-41.355290373495, -21.75307841162801], [-41.355277639609, -21.752745411224993]]}}, {"type": "Feature", "properties": {"nome": "360M - 6FO", "tipo": "cabo", "categoria": "ramal_area", "comprimento": "360", "fibras": "6", "cor_kml": "ffff0000", "pontos": 12}, "geometry": {"type": "LineString", "coordinates": [[-41.35456146906, -21.752668336191988], [-41.354810491773, -21.752889762639], [-41.355054569629, -21.753158005162007], [-41.355273814306, -21.753076129838007], [-41.355256504048, -21.752753198899], [-41.355317287193, -21.752401957955], [-41.355403089765005, -21.752133891984982], [-41.355543494551, -21.75184046785199], [-41.355656598894, -21.751688321442018], [-41.355804804949, -21.751539796887002], [-41.35610121772, -21.751326064512], [-41.356421032543, -21.751170290752995]]}}, {"type": "Feature", "properties": {"nome": "286M - 6FO", "tipo": "cabo", "categoria": "ramal_area", "comprimento": "286", "fibras": "6", "cor_kml": "ff00ff00", "pontos": 11}, "geometry": {"type": "LineString", "coordinates": [[-41.357091923956, -21.752964207000005], [-41.356810494429, -21.752967792326004], [-41.35650593305, -21.752985700118998], [-41.356174384655006, -21.753078801892002], [-41.355978338887006, -21.753103240558985], [-41.355957157294, -21.752770240751005], [-41.355917344524, -21.75275885837901], [-41.355941967745, -21.753105392832992], [-41.35603693035999, -21.753320594434996], [-41.356192668506, -21.753588713995995], [-41.356359802003, -21.75381097072001]]}}, {"type": "Feature", "properties": {"nome": "86M - 6FO", "tipo": "cabo", "categoria": "ramal_area", "comprimento": "86", "fibras": "6", "cor_kml": "ff404080", "pontos": 4}, "geometry": {"type": "LineString", "coordinates": [[-41.355941404288, -21.752750455972006], [-41.35597661543099, -21.75249471516402], [-41.356262879311, -21.752421670146987], [-41.356517293529, -21.752370680268996]]}}, {"type": "Feature", "properties": {"nome": "226M - 6FO", "tipo": "cabo", "categoria": "ramal_area", "comprimento": "226", "fibras": "6", "cor_kml": "ffffffff", "pontos": 10}, "geometry": {"type": "LineString", "coordinates": [[-41.352493242113, -21.752433003446995], [-41.35273654224999, -21.752360426558994], [-41.352977142784, -21.752311029113002], [-41.353234738191, -21.752289744628996], [-41.35346604137501, -21.752299274791014], [-41.353659108504, -21.752325413400996], [-41.354000801282, -21.752409066726003], [-41.354186444063, -21.752493765951996], [-41.354378601151, -21.752578464942005], [-41.354560988374, -21.752699463604998]]}}, {"type": "Feature", "properties": {"nome": "315M - 6FO", "tipo": "cabo", "categoria": "ramal_area", "comprimento": "315", "fibras": "6", "cor_kml": "ff00ff00", "pontos": 11}, "geometry": {"type": "LineString", "coordinates": [[-41.357061882330996, -21.751736757266997], [-41.35683616735799, -21.75173616458902], [-41.356573238462005, -21.75182695539999], [-41.356326608412, -21.751955906025017], [-41.356120772641, -21.752165010286006], [-41.35596389205399, -21.752469537146993], [-41.356251389499, -21.752397869909004], [-41.356518308015, -21.752345207052997], [-41.35692050458999, -21.75234245181899], [-41.357204687151, -21.752357088972985], [-41.3575299676, -21.752417938942003]]}}, {"type": "Feature", "properties": {"nome": "535M - 12FO", "tipo": "cabo", "categoria": "backbone_area", "comprimento": "535", "fibras": "12", "cor_kml": "ffffff00", "pontos": 15}, "geometry": {"type": "LineString", "coordinates": [[-41.359741578978, -21.752430876853992], [-41.35985606217001, -21.75258465178699], [-41.359882856257, -21.75300433728502], [-41.359799229382006, -21.753069984483005], [-41.359211876436, -21.753051187420994], [-41.359201880913, -21.753097613785982], [-41.359831701569, -21.753122354024], [-41.35980171497, -21.753252348223], [-41.359638435097, -21.753444248150004], [-41.359328529581994, -21.753620676799997], [-41.359015287004, -21.753664016916986], [-41.358268826515, -21.753428811378], [-41.357768961210006, -21.753184311734984], [-41.357392192716006, -21.753038948084992], [-41.357098941652, -21.752964671873002]]}}, {"type": "Feature", "properties": {"nome": "73M - 6FO", "tipo": "cabo", "categoria": "ramal_area", "comprimento": "73", "fibras": "6", "cor_kml": "ff00ffff", "pontos": 3}, "geometry": {"type": "LineString", "coordinates": [[-41.35875516643801, -21.750553787507997], [-41.358208065496, -21.750366648024993], [-41.358121385999, -21.750283659974002]]}}, {"type": "Feature", "properties": {"nome": "355M - 6F", "tipo": "cabo", "categoria": "ramal_area", "comprimento": "355", "fibras": "6", "cor_kml": "ff00fa2a", "pontos": 6}, "geometry": {"type": "LineString", "coordinates": [[-41.317709854898, -21.771280392182007], [-41.318475658067996, -21.771074228516994], [-41.31858191592, -21.77056623509], [-41.318073068732, -21.770581841601], [-41.31768480551, -21.77073119433001], [-41.316556267268, -21.770953515732998]]}}, {"type": "Feature", "properties": {"nome": "119M - 6F", "tipo": "cabo", "categoria": "ramal_area", "comprimento": "119", "fibras": "6", "cor_kml": "ff00fa2a", "pontos": 3}, "geometry": {"type": "LineString", "coordinates": [[-41.318784559327, -21.770425801295005], [-41.318076359813, -21.770566703351008], [-41.317687650404004, -21.770723133502003]]}}, {"type": "Feature", "properties": {"nome": "192M - 6F", "tipo": "cabo", "categoria": "ramal_area", "comprimento": "192", "fibras": "6", "cor_kml": "ff00fa2a", "pontos": 4}, "geometry": {"type": "LineString", "coordinates": [[-41.318540785832, -21.769100422972997], [-41.318578861088, -21.770248777938008], [-41.31858382282701, -21.770589205633996], [-41.318793271886, -21.770435521974008]]}}, {"type": "Feature", "properties": {"nome": "225M - 6F", "tipo": "cabo", "categoria": "ramal_area", "comprimento": "225", "fibras": "6", "cor_kml": "ff00fa2a", "pontos": 4}, "geometry": {"type": "LineString", "coordinates": [[-41.316390772924, -21.772230178458003], [-41.316529493297004, -21.772249018568004], [-41.317148478024, -21.773131210662996], [-41.317658985247995, -21.773834900075997]]}}, {"type": "Feature", "properties": {"nome": "FIBRA AS MINI RAR -R11 1", "tipo": "cabo", "categoria": "ramal_mini", "comprimento": "", "fibras": "", "cor_kml": "ff0080ff", "pontos": 4}, "geometry": {"type": "LineString", "coordinates": [[-41.314413716599, -21.773729167980008], [-41.314284716804, -21.773450711552982], [-41.314370547493, -21.77342082129701], [-41.314346163919, -21.773391041598018]]}}, {"type": "Feature", "properties": {"nome": "FIBRA AS MINI RAR -R3 3", "tipo": "cabo", "categoria": "ramal_mini", "comprimento": "", "fibras": "", "cor_kml": "ffffffff", "pontos": 4}, "geometry": {"type": "LineString", "coordinates": [[-41.314346163919, -21.773391041598018], [-41.314604687052, -21.773255109133004], [-41.314564453917, -21.773182874240007], [-41.31451002236201, -21.773105727811]]}}, {"type": "Feature", "properties": {"nome": "FIBRA AS MINI RAR -R2 5", "tipo": "cabo", "categoria": "ramal_mini", "comprimento": "", "fibras": "", "cor_kml": "ff00ffff", "pontos": 3}, "geometry": {"type": "LineString", "coordinates": [[-41.314346163919, -21.773391041598018], [-41.31428983753, -21.773318806774], [-41.314233511141, -21.773244081054997]]}}, {"type": "Feature", "properties": {"nome": "218M - 6F", "tipo": "cabo", "categoria": "ramal_area", "comprimento": "218", "fibras": "6", "cor_kml": "ff00fa2a", "pontos": 3}, "geometry": {"type": "LineString", "coordinates": [[-41.315980753161, -21.772628557383], [-41.315421105784004, -21.771795681247994], [-41.314841192221, -21.770969542860996]]}}, {"type": "Feature", "properties": {"nome": "227M - 12F", "tipo": "cabo", "categoria": "backbone_area", "comprimento": "227", "fibras": "12", "cor_kml": "ffd6ab00", "pontos": 6}, "geometry": {"type": "LineString", "coordinates": [[-41.315980241951, -21.772611296906007], [-41.315981359374, -21.772351148865994], [-41.316390627213, -21.772212930042002], [-41.31646647368301, -21.77205113513301], [-41.316693811527, -21.772071840522997], [-41.31772538566201, -21.771836525278005]]}}, {"type": "Feature", "properties": {"nome": "422M - 6F", "tipo": "cabo", "categoria": "ramal_area", "comprimento": "422", "fibras": "6", "cor_kml": "ff00fa2a", "pontos": 11}, "geometry": {"type": "LineString", "coordinates": [[-41.317735598205, -21.771867102035003], [-41.31841280901399, -21.77167736099402], [-41.318492162706, -21.771227529946998], [-41.318122304093, -21.771296343386], [-41.317867457687, -21.771399118476992], [-41.317524140121, -21.771491177168997], [-41.317863271024, -21.771374360962994], [-41.318091457992, -21.771275473990997], [-41.318454448383, -21.771205037924005], [-41.318443756632, -21.771097251392007], [-41.31770030535, -21.771301904490002]]}}, {"type": "Feature", "properties": {"nome": "326M - 12F", "tipo": "cabo", "categoria": "backbone_area", "comprimento": "326", "fibras": "12", "cor_kml": "ffd6ab00", "pontos": 7}, "geometry": {"type": "LineString", "coordinates": [[-41.316096552526005, -21.774228519239003], [-41.316452597949, -21.774766475553008], [-41.316420617807, -21.774966780742005], [-41.315728198648, -21.775314702409986], [-41.315422632731, -21.775300953639984], [-41.315260244334006, -21.775118310398994], [-41.31483054047501, -21.774365313017995]]}}, {"type": "Feature", "properties": {"nome": "119M - 6F", "tipo": "cabo", "categoria": "ramal_area", "comprimento": "119", "fibras": "6", "cor_kml": "ff00fa2a", "pontos": 2}, "geometry": {"type": "LineString", "coordinates": [[-41.310982052418, -21.773420419324992], [-41.3115583094, -21.77435429450601]]}}, {"type": "Feature", "properties": {"nome": "281M - 6F", "tipo": "cabo", "categoria": "ramal_area", "comprimento": "281", "fibras": "6", "cor_kml": "ff00fa2a", "pontos": 5}, "geometry": {"type": "LineString", "coordinates": [[-41.317558682676, -21.77440842711499], [-41.317238010169, -21.774492842466003], [-41.31694816162, -21.774042593941985], [-41.316413882133, -21.773269481483993], [-41.315966550289, -21.772611329879]]}}, {"type": "Feature", "properties": {"nome": "294M - 6F", "tipo": "cabo", "categoria": "ramal_area", "comprimento": "294", "fibras": "6", "cor_kml": "ff00fa2a", "pontos": 7}, "geometry": {"type": "LineString", "coordinates": [[-41.314046087804, -21.774447909589995], [-41.313862769237, -21.774632157035995], [-41.313470128022, -21.773912779376985], [-41.312963627714, -21.773209740877007], [-41.312406847577, -21.772360751723], [-41.312396697927, -21.772450367135008], [-41.312283465962, -21.772547567095998]]}}, {"type": "Feature", "properties": {"nome": "394M - 6F", "tipo": "cabo", "categoria": "ramal_area", "comprimento": "394", "fibras": "6", "cor_kml": "ff00fa2a", "pontos": 6}, "geometry": {"type": "LineString", "coordinates": [[-41.313147565543, -21.771820794627004], [-41.313792085577, -21.772772257509004], [-41.313706353147005, -21.772948319823996], [-41.31382432742401, -21.772796486353002], [-41.314408318448, -21.773725942859997], [-41.314843545992, -21.774375431983998]]}}, {"type": "Feature", "properties": {"nome": "75M - 6F", "tipo": "cabo", "categoria": "ramal_area", "comprimento": "75", "fibras": "6", "cor_kml": "ff00fa2a", "pontos": 2}, "geometry": {"type": "LineString", "coordinates": [[-41.318645207971, -21.775119781106014], [-41.318635308206, -21.774444386737997]]}}, {"type": "Feature", "properties": {"nome": "360M - 6F", "tipo": "cabo", "categoria": "ramal_area", "comprimento": "360", "fibras": "6", "cor_kml": "ff00fa2a", "pontos": 4}, "geometry": {"type": "LineString", "coordinates": [[-41.314267403466, -21.771506015672003], [-41.314885384941995, -21.772416659710984], [-41.31526743157699, -21.773011599046015], [-41.316116356424, -21.774260050384]]}}, {"type": "Feature", "properties": {"nome": "332M - 6F", "tipo": "cabo", "categoria": "ramal_area", "comprimento": "332", "fibras": "6", "cor_kml": "ff00fa2a", "pontos": 7}, "geometry": {"type": "LineString", "coordinates": [[-41.321659625573, -21.771995936627007], [-41.320954755017, -21.772212248827017], [-41.320783425854, -21.772132042639], [-41.320980164031, -21.772718266284002], [-41.320736144528, -21.772146885802], [-41.320545703433, -21.772349271844007], [-41.319914331873, -21.772560298586015]]}}, {"type": "Feature", "properties": {"nome": "295M - 6F", "tipo": "cabo", "categoria": "ramal_area", "comprimento": "295", "fibras": "6", "cor_kml": "ff00fa2a", "pontos": 12}, "geometry": {"type": "LineString", "coordinates": [[-41.320664132932, -21.768955526971993], [-41.320403783946006, -21.769057681687002], [-41.320670244305994, -21.769246147461004], [-41.320885629097006, -21.769286161919], [-41.32110565213301, -21.769505456041003], [-41.321383128646, -21.769746909375996], [-41.321410073878, -21.769913665475016], [-41.321485101736, -21.770001194254007], [-41.32139547091299, -21.769927303925], [-41.321131352322, -21.76968132716901], [-41.321176213745, -21.769819831039], [-41.32082665726401, -21.76992864482702]]}}, {"type": "Feature", "properties": {"nome": "256M - 6F", "tipo": "cabo", "categoria": "ramal_area", "comprimento": "256", "fibras": "6", "cor_kml": "ff00fa2a", "pontos": 6}, "geometry": {"type": "LineString", "coordinates": [[-41.31996549366599, -21.768661769022998], [-41.320291186299, -21.768923437300998], [-41.320285225816, -21.769078428580016], [-41.319724942246, -21.769233419729005], [-41.31978454690899, -21.769349663019995], [-41.319988275913, -21.770043822375]]}}, {"type": "Feature", "properties": {"nome": "324M - 6F", "tipo": "cabo", "categoria": "ramal_area", "comprimento": "324", "fibras": "6", "cor_kml": "ff00fa2a", "pontos": 7}, "geometry": {"type": "LineString", "coordinates": [[-41.319463831472, -21.771019095690008], [-41.319780489225, -21.770928881936], [-41.32091701327, -21.77066225154499], [-41.32017061678, -21.770808010976992], [-41.320208974988, -21.770585405487992], [-41.320109656755, -21.770340633670997], [-41.319969966187, -21.770041204758]]}}, {"type": "Feature", "properties": {"nome": "271M - 12F", "tipo": "cabo", "categoria": "backbone_area", "comprimento": "271", "fibras": "12", "cor_kml": "ffd6ab00", "pontos": 6}, "geometry": {"type": "LineString", "coordinates": [[-41.320843051686005, -21.769931405806005], [-41.32023073012801, -21.770042764837], [-41.319977339110004, -21.770005358297993], [-41.32022614626601, -21.770080772048004], [-41.319535062218, -21.770233708454], [-41.318801231048006, -21.77043206644902]]}}, {"type": "Feature", "properties": {"nome": "432M - 6F", "tipo": "cabo", "categoria": "ramal_area", "comprimento": "432", "fibras": "6", "cor_kml": "ff00fa2a", "pontos": 6}, "geometry": {"type": "LineString", "coordinates": [[-41.322607118368, -21.768480813682004], [-41.322289743053, -21.76759423455499], [-41.322244958064, -21.767451476915], [-41.323545147538006, -21.767036484374017], [-41.323706836554, -21.76774884690701], [-41.323837566766, -21.768354248858998]]}}, {"type": "Feature", "properties": {"nome": "433M - 6F", "tipo": "cabo", "categoria": "ramal_area", "comprimento": "433", "fibras": "6", "cor_kml": "ff00fa2a", "pontos": 7}, "geometry": {"type": "LineString", "coordinates": [[-41.322607118368, -21.768480813682004], [-41.321672912688, -21.76870154703299], [-41.321656819432995, -21.768761329504017], [-41.321546848864, -21.768514726651006], [-41.32199290825301, -21.769646023678007], [-41.32245811021199, -21.77110446884501], [-41.322756372437, -21.77221826783]]}}, {"type": "Feature", "properties": {"nome": "278M - 6F", "tipo": "cabo", "categoria": "ramal_area", "comprimento": "278", "fibras": "6", "cor_kml": "ff00fa2a", "pontos": 7}, "geometry": {"type": "LineString", "coordinates": [[-41.31867033587, -21.773974731989014], [-41.31858507737701, -21.774009196091995], [-41.318624996266, -21.773447637586003], [-41.31855479273101, -21.773239520417007], [-41.318603768823, -21.772358584982996], [-41.318572223755, -21.772182007046013], [-41.319175990269, -21.772056033115007]]}}, {"type": "Feature", "properties": {"nome": "318M - 12F", "tipo": "cabo", "categoria": "backbone_area", "comprimento": "318", "fibras": "12", "cor_kml": "ffd6ab00", "pontos": 6}, "geometry": {"type": "LineString", "coordinates": [[-41.32098262604, -21.77273017900299], [-41.321078195953, -21.773027084193984], [-41.321038391134, -21.773232269579992], [-41.320916335295, -21.773291699938994], [-41.319797747223, -21.773618639325022], [-41.31865151586799, -21.773984510006017]]}}, {"type": "Feature", "properties": {"nome": "128M - 6F", "tipo": "cabo", "categoria": "ramal_area", "comprimento": "128", "fibras": "6", "cor_kml": "ff00fa2a", "pontos": 4}, "geometry": {"type": "LineString", "coordinates": [[-41.321137843505, -21.773935201905005], [-41.321451771966, -21.773887648119995], [-41.321918739626, -21.773760130205005], [-41.322275804919, -21.773536744507993]]}}, {"type": "Feature", "properties": {"nome": "222M - 6F", "tipo": "cabo", "categoria": "ramal_area", "comprimento": "222", "fibras": "6", "cor_kml": "ff00fa2a", "pontos": 5}, "geometry": {"type": "LineString", "coordinates": [[-41.320980505366, -21.772724448551003], [-41.320673777058, -21.771915658102003], [-41.32057326705301, -21.771519305557007], [-41.320749353308, -21.771558016729998], [-41.321331637939, -21.771384311131982]]}}, {"type": "Feature", "properties": {"nome": "FIBRA 6F 223", "tipo": "cabo", "categoria": "ramal_6f", "comprimento": "", "fibras": "", "cor_kml": "ff00fa2a", "pontos": 10}, "geometry": {"type": "LineString", "coordinates": [[-41.31856390503199, -21.773266533691995], [-41.318739775351006, -21.773212943935008], [-41.318744652081, -21.773135953712014], [-41.318941119641, -21.77314352785001], [-41.31940197190201, -21.773177494124], [-41.319751943447, -21.773186464399018], [-41.31974822071, -21.77332015233], [-41.319752980382994, -21.773450667177997], [-41.31940197190201, -21.77346281043002], [-41.318958188273, -21.77343790188702]]}}, {"type": "Feature", "properties": {"nome": "FIBRA AS MINI RAR -R3 7", "tipo": "cabo", "categoria": "ramal_mini", "comprimento": "", "fibras": "", "cor_kml": "ffffffff", "pontos": 5}, "geometry": {"type": "LineString", "coordinates": [[-41.323421531048, -21.773528908027018], [-41.323375828316, -21.773367968469998], [-41.323277480434, -21.773398412277004], [-41.32320297481001, -21.773193608460005], [-41.323039953396, -21.773235664664995]]}}, {"type": "Feature", "properties": {"nome": "158M - 6F", "tipo": "cabo", "categoria": "ramal_area", "comprimento": "158", "fibras": "6", "cor_kml": "ff00fa2a", "pontos": 4}, "geometry": {"type": "LineString", "coordinates": [[-41.322212063493, -21.772861218456], [-41.321332859278, -21.773123344753998], [-41.32111817285, -21.773036547450005], [-41.320980164031, -21.772718266284002]]}}, {"type": "Feature", "properties": {"nome": "409M - 12F", "tipo": "cabo", "categoria": "backbone_area", "comprimento": "409", "fibras": "12", "cor_kml": "ffd6ab00", "pontos": 8}, "geometry": {"type": "LineString", "coordinates": [[-41.321390487189994, -21.775752358201004], [-41.321828927392, -21.77575508084101], [-41.321819676999, -21.77518941338201], [-41.321720758045, -21.774615396819], [-41.321698579777006, -21.774446543197], [-41.321489198613, -21.773905359884992], [-41.321158140055, -21.773961300683013], [-41.320494765497, -21.774194905127004]]}}, {"type": "Feature", "properties": {"nome": "295M - 6F", "tipo": "cabo", "categoria": "ramal_area", "comprimento": "295", "fibras": "6", "cor_kml": "ff00fa2a", "pontos": 5}, "geometry": {"type": "LineString", "coordinates": [[-41.322994133215, -21.775017960982993], [-41.322703509393, -21.774216977491008], [-41.322303430623, -21.774319141017003], [-41.322447732398, -21.774846226708007], [-41.322551670752, -21.775700069669995]]}}, {"type": "Feature", "properties": {"nome": "176M - 6F", "tipo": "cabo", "categoria": "ramal_area", "comprimento": "176", "fibras": "6", "cor_kml": "ff00fa2a", "pontos": 6}, "geometry": {"type": "LineString", "coordinates": [[-41.317603517563, -21.775545768485998], [-41.31772745499201, -21.775548152647005], [-41.31854699638001, -21.775129159155995], [-41.31864978740399, -21.775107380159994], [-41.318781824232, -21.774993609402003], [-41.319144299269, -21.774976735888004]]}}, {"type": "Feature", "properties": {"nome": "386M - 12F", "tipo": "cabo", "categoria": "backbone_area", "comprimento": "386", "fibras": "12", "cor_kml": "ffd6ab00", "pontos": 9}, "geometry": {"type": "LineString", "coordinates": [[-41.32398542417, -21.775482333298996], [-41.323881007084, -21.775253881563998], [-41.323558406426, -21.774400044808004], [-41.323352867926, -21.773872415765013], [-41.323235420317, -21.773736163662008], [-41.323039511846, -21.77324707766401], [-41.322867917457, -21.772699163943997], [-41.322774052623, -21.772401336562993], [-41.322760247489, -21.772209616124997]]}}, {"type": "Feature", "properties": {"nome": "163M - 6F", "tipo": "cabo", "categoria": "ramal_area", "comprimento": "163", "fibras": "6", "cor_kml": "ff00fa2a", "pontos": 4}, "geometry": {"type": "LineString", "coordinates": [[-41.320901469318, -21.775116229811005], [-41.320748198288, -21.77435774229302], [-41.320710555750004, -21.774132994306], [-41.320494765497, -21.774194905127004]]}}, {"type": "Feature", "properties": {"nome": "FIBRA AS MINI RAR -R6 3", "tipo": "cabo", "categoria": "ramal_mini", "comprimento": "", "fibras": "", "cor_kml": "ffff0080", "pontos": 5}, "geometry": {"type": "LineString", "coordinates": [[-41.321164012507, -21.773954633531005], [-41.32110522481701, -21.773945349693008], [-41.320837003914995, -21.774042492644995], [-41.32090012876, -21.773969710491997], [-41.320845795632, -21.773858939362]]}}, {"type": "Feature", "properties": {"nome": "264M - 6F", "tipo": "cabo", "categoria": "ramal_area", "comprimento": "264", "fibras": "6", "cor_kml": "ff00fa2a", "pontos": 4}, "geometry": {"type": "LineString", "coordinates": [[-41.319889840411, -21.77494017897301], [-41.319750024027, -21.774366997642986], [-41.320066818107, -21.774282693207994], [-41.320494765497, -21.774194905127004]]}}, {"type": "Feature", "properties": {"nome": "FIBRA AS MINI RAR -R1 1", "tipo": "cabo", "categoria": "ramal_mini", "comprimento": "", "fibras": "", "cor_kml": "ff00ff00", "pontos": 4}, "geometry": {"type": "LineString", "coordinates": [[-41.32560902699, -21.768162802936004], [-41.325438388008, -21.767919624795], [-41.325302929039, -21.768011897538003], [-41.325037146584, -21.76813870941301]]}}, {"type": "Feature", "properties": {"nome": "DROP-F8-R5 63", "tipo": "cabo", "categoria": "drop", "comprimento": "", "fibras": "", "cor_kml": "ff0000ff", "pontos": 16}, "geometry": {"type": "LineString", "coordinates": [[-41.325167457837, -21.754984954190007], [-41.324195989869, -21.755364929785998], [-41.324957403801, -21.756992632768004], [-41.325181702752005, -21.757472121489997], [-41.32522226613099, -21.757674540073992], [-41.325810162452996, -21.758939078076992], [-41.325838608822, -21.758981877092978], [-41.32617120274, -21.75887974173], [-41.326116633935, -21.758782603318977], [-41.326018316826, -21.758757677421002], [-41.325985808603, -21.758722077768], [-41.32590879022399, -21.75859390194799], [-41.325971478402, -21.75854223943], [-41.325894935212, -21.75857084409401], [-41.325645489773, -21.758022798265998], [-41.325725681510995, -21.757995538412004]]}}, {"type": "Feature", "properties": {"nome": "LOW FLIT 1", "tipo": "cabo", "categoria": "drop", "comprimento": "", "fibras": "", "cor_kml": "ff000000", "pontos": 2}, "geometry": {"type": "LineString", "coordinates": [[-41.325181702752005, -21.757472121489997], [-41.325445183437, -21.75736654314599]]}}, {"type": "Feature", "properties": {"nome": "FIBRA AS MINI RAR -R12 1", "tipo": "cabo", "categoria": "ramal_mini", "comprimento": "", "fibras": "", "cor_kml": "ffffff00", "pontos": 9}, "geometry": {"type": "LineString", "coordinates": [[-41.326837300224, -21.75510165953598], [-41.326743422909, -21.755089203672], [-41.32671828344, -21.755014345552], [-41.326683414723, -21.754937119125998], [-41.326653910424, -21.754862383835004], [-41.326621723915, -21.754790139684005], [-41.326592865249005, -21.754720940035014], [-41.326557996530994, -21.754651186993996], [-41.326523127814, -21.754573960372]]}}, {"type": "Feature", "properties": {"nome": "38M - 6FO", "tipo": "cabo", "categoria": "ramal_area", "comprimento": "38", "fibras": "6", "cor_kml": "ffff0000", "pontos": 4}, "geometry": {"type": "LineString", "coordinates": [[-41.326767061298, -21.75439640119403], [-41.326721463744, -21.754416330672996], [-41.326843555416, -21.754711868388995], [-41.32690385395699, -21.754697834272008]]}}, {"type": "Feature", "properties": {"nome": "140M - 6FO", "tipo": "cabo", "categoria": "ramal_area", "comprimento": "140", "fibras": "6", "cor_kml": "ff0080ff", "pontos": 6}, "geometry": {"type": "LineString", "coordinates": [[-41.326261616356, -21.753636870991997], [-41.326751123898, -21.754046939946008], [-41.326952133719, -21.754207071002014], [-41.32684216315, -21.75423945644698], [-41.326887760703, -21.754341595111995], [-41.326767061298, -21.75439640119403]]}}, {"type": "Feature", "properties": {"nome": "145M - 6FO", "tipo": "cabo", "categoria": "ramal_area", "comprimento": "145", "fibras": "6", "cor_kml": "ffffffff", "pontos": 8}, "geometry": {"type": "LineString", "coordinates": [[-41.326751123898, -21.754046939946008], [-41.326988785091, -21.754209961647007], [-41.326865403477, -21.75425231184201], [-41.326905636612, -21.75433202982201], [-41.32699414951, -21.754297153211], [-41.327244539403, -21.754508585270997], [-41.327278049854996, -21.754597404422015], [-41.32714283379699, -21.754625428750003]]}}, {"type": "Feature", "properties": {"nome": "83M - 6F", "tipo": "cabo", "categoria": "ramal_area", "comprimento": "83", "fibras": "6", "cor_kml": "ff00fa2a", "pontos": 2}, "geometry": {"type": "LineString", "coordinates": [[-41.325500179331, -21.77208712198201], [-41.325359732058, -21.771355863542013]]}}, {"type": "Feature", "properties": {"nome": "94M - 6F", "tipo": "cabo", "categoria": "ramal_area", "comprimento": "94", "fibras": "6", "cor_kml": "ff00fa2a", "pontos": 5}, "geometry": {"type": "LineString", "coordinates": [[-41.324441400233, -21.771663796686994], [-41.324432619491, -21.771361155207998], [-41.324378222417, -21.77115954091802], [-41.324275973089, -21.771063077663996], [-41.324224966321005, -21.770870811677]]}}, {"type": "Feature", "properties": {"nome": "294M - 6F", "tipo": "cabo", "categoria": "ramal_area", "comprimento": "294", "fibras": "6", "cor_kml": "ff00fa2a", "pontos": 7}, "geometry": {"type": "LineString", "coordinates": [[-41.32423182007701, -21.770877189914003], [-41.324342830096, -21.770884532951], [-41.324445488257, -21.770915414038015], [-41.325524612338, -21.770607355156002], [-41.326084889996, -21.77044030443298], [-41.32623346177999, -21.770467181898994], [-41.326093696841, -21.769773246442]]}}, {"type": "Feature", "properties": {"nome": "361M - 6F", "tipo": "cabo", "categoria": "ramal_area", "comprimento": "361", "fibras": "6", "cor_kml": "ff00fa2a", "pontos": 9}, "geometry": {"type": "LineString", "coordinates": [[-41.323507708472995, -21.770372088881004], [-41.323790514995, -21.770396124225016], [-41.324289562259, -21.770263582794016], [-41.324989864145, -21.770075418944018], [-41.325072842238, -21.769837342773997], [-41.324987597220996, -21.769462886981998], [-41.324847170525, -21.768807788220016], [-41.324687721115, -21.76867167329901], [-41.325021829199, -21.768584712882003]]}}, {"type": "Feature", "properties": {"nome": "106M - 6F", "tipo": "cabo", "categoria": "ramal_area", "comprimento": "106", "fibras": "6", "cor_kml": "ff00fa2a", "pontos": 3}, "geometry": {"type": "LineString", "coordinates": [[-41.323996263747, -21.769507102961], [-41.323960666, -21.769265112144993], [-41.323837566766, -21.768354248858998]]}}, {"type": "Feature", "properties": {"nome": "410M - 12F", "tipo": "cabo", "categoria": "backbone_area", "comprimento": "410", "fibras": "12", "cor_kml": "ffd6ab00", "pontos": 11}, "geometry": {"type": "LineString", "coordinates": [[-41.326094307327, -21.769798101234002], [-41.326011691984, -21.769453945276], [-41.325935728643, -21.769115568827004], [-41.325885282737, -21.768764081785008], [-41.325712684782, -21.768370836092018], [-41.325007375813996, -21.768573418257986], [-41.324680541246, -21.768658647056995], [-41.324231069713, -21.768823666124007], [-41.323945921741, -21.768902472462003], [-41.323902706759, -21.768973056725997], [-41.323837566766, -21.768354248858998]]}}, {"type": "Feature", "properties": {"nome": "236M - 6F", "tipo": "cabo", "categoria": "ramal_area", "comprimento": "236", "fibras": "6", "cor_kml": "ff00fa2a", "pontos": 4}, "geometry": {"type": "LineString", "coordinates": [[-41.325021379453, -21.767139246927982], [-41.32560902699, -21.768162802936004], [-41.325699360296994, -21.768351298775002], [-41.324995678506006, -21.768563076182005]]}}, {"type": "Feature", "properties": {"nome": "131M - 6F", "tipo": "cabo", "categoria": "ramal_area", "comprimento": "131", "fibras": "6", "cor_kml": "ff00fa2a", "pontos": 4}, "geometry": {"type": "LineString", "coordinates": [[-41.325771525413, -21.77326766035499], [-41.32568018361199, -21.772937623188994], [-41.32557356847299, -21.77243394768], [-41.325504776462, -21.772112887139002]]}}, {"type": "Feature", "properties": {"nome": "168M - 6F", "tipo": "cabo", "categoria": "ramal_area", "comprimento": "168", "fibras": "6", "cor_kml": "ff00fa2a", "pontos": 5}, "geometry": {"type": "LineString", "coordinates": [[-41.324893831333, -21.773769587464002], [-41.325043811578, -21.774472814999], [-41.325112051294, -21.774824515579994], [-41.32508442329801, -21.774943924509998], [-41.324523841614, -21.775202970430996]]}}, {"type": "Feature", "properties": {"nome": "148M - 6F", "tipo": "cabo", "categoria": "ramal_area", "comprimento": "148", "fibras": "6", "cor_kml": "ff00fa2a", "pontos": 2}, "geometry": {"type": "LineString", "coordinates": [[-41.324262480894, -21.774094346840016], [-41.324523841614, -21.775202970430996]]}}, {"type": "Feature", "properties": {"nome": "101M - 6F", "tipo": "cabo", "categoria": "ramal_area", "comprimento": "101", "fibras": "6", "cor_kml": "ff00fa2a", "pontos": 4}, "geometry": {"type": "LineString", "coordinates": [[-41.324256654279, -21.773013044836006], [-41.324634880138, -21.772945808613002], [-41.324872888339996, -21.772833122926997], [-41.32519084070599, -21.772769982033992]]}}, {"type": "Feature", "properties": {"nome": "320M - 6F", "tipo": "cabo", "categoria": "ramal_area", "comprimento": "320", "fibras": "6", "cor_kml": "ff00fa2a", "pontos": 8}, "geometry": {"type": "LineString", "coordinates": [[-41.32378965111099, -21.772352777015], [-41.323705636084, -21.772223733679], [-41.323513339294, -21.771583411953003], [-41.323836369092, -21.771432952911], [-41.324243669316, -21.771315256407007], [-41.324421262098, -21.771374631054996], [-41.324428048921, -21.771647635348003], [-41.324671325862, -21.772504638664003]]}}, {"type": "Feature", "properties": {"nome": "315M - 12F", "tipo": "cabo", "categoria": "backbone_area", "comprimento": "315", "fibras": "12", "cor_kml": "ffd6ab00", "pontos": 12}, "geometry": {"type": "LineString", "coordinates": [[-41.32622537436799, -21.772438875853993], [-41.32591996538001, -21.772526540716996], [-41.32564580784, -21.772570709660002], [-41.32559697695099, -21.772444644038004], [-41.32550373345101, -21.772078715695983], [-41.325568288845, -21.77244962104298], [-41.325559977152, -21.772598109223978], [-41.325186079606, -21.772753093651986], [-41.324861517846, -21.772816764775996], [-41.324623509658, -21.772929450457], [-41.324603649655, -21.772749398870005], [-41.324672563406, -21.772491582797997]]}}, {"type": "Feature", "properties": {"nome": "216M - 6F", "tipo": "cabo", "categoria": "ramal_area", "comprimento": "216", "fibras": "6", "cor_kml": "ff00fa2a", "pontos": 6}, "geometry": {"type": "LineString", "coordinates": [[-41.32633090091, -21.770848389164016], [-41.326427349804, -21.771303039798], [-41.326531519133, -21.771794082187], [-41.326648626985005, -21.772355010954996], [-41.326534663909, -21.772338669296005], [-41.326221084819004, -21.772441906007998]]}}, {"type": "Feature", "properties": {"nome": "345M - 6F", "tipo": "cabo", "categoria": "ramal_area", "comprimento": "345", "fibras": "6", "cor_kml": "ff00fa2a", "pontos": 9}, "geometry": {"type": "LineString", "coordinates": [[-41.309844579258005, -21.774867441131008], [-41.310052204352, -21.775143414876], [-41.310394889946, -21.775748434020002], [-41.310726503904, -21.776235492452003], [-41.31062419624, -21.776397236284993], [-41.310568526653, -21.776440202568025], [-41.310624695131, -21.776423507594004], [-41.31073919238699, -21.776249096958992], [-41.311273119095, -21.777117569531]]}}, {"type": "Feature", "properties": {"nome": "142M - 6F", "tipo": "cabo", "categoria": "ramal_area", "comprimento": "142", "fibras": "6", "cor_kml": "ff00fa2a", "pontos": 5}, "geometry": {"type": "LineString", "coordinates": [[-41.313716300958, -21.776441110481002], [-41.313266890741, -21.776730166828983], [-41.31275557521901, -21.776988195404996], [-41.313175695635, -21.776732657626], [-41.312637327301, -21.776083916754985]]}}, {"type": "Feature", "properties": {"nome": "537M - 12F", "tipo": "cabo", "categoria": "backbone_area", "comprimento": "537", "fibras": "12", "cor_kml": "ffd6ab00", "pontos": 15}, "geometry": {"type": "LineString", "coordinates": [[-41.309892400083, -21.77684752810599], [-41.30983608559801, -21.776600235993982], [-41.30936513296399, -21.77587552464398], [-41.30921438222801, -21.775573118810996], [-41.309126016544, -21.775444218353996], [-41.309547802835, -21.775270308564004], [-41.309796727074, -21.775106092266], [-41.309835894399, -21.774860621947], [-41.309837019592, -21.775146533777004], [-41.310202570258, -21.774853890922998], [-41.310493051633, -21.774716890367003], [-41.310805987908, -21.774713140660992], [-41.310957382445, -21.774477313508996], [-41.311381285445, -21.774220308449003], [-41.311564408041, -21.774358191822003]]}}, {"type": "Feature", "properties": {"nome": "349M - 12F", "tipo": "cabo", "categoria": "backbone_area", "comprimento": "349", "fibras": "12", "cor_kml": "ffd6ab00", "pontos": 11}, "geometry": {"type": "LineString", "coordinates": [[-41.314046276640994, -21.774441646409997], [-41.313907099861, -21.774662630867], [-41.314352732526, -21.775348792101], [-41.314395075492, -21.775464528600992], [-41.314646296826, -21.775937752714], [-41.314775519027, -21.775992950989007], [-41.314845095858, -21.776262680951007], [-41.315142035409, -21.77688564565402], [-41.315278662914, -21.776863298598997], [-41.315381588682, -21.776814369066003], [-41.31549251111899, -21.776867671096994]]}}, {"type": "Feature", "properties": {"nome": "510M - 6F", "tipo": "cabo", "categoria": "ramal_area", "comprimento": "510", "fibras": "6", "cor_kml": "ff00fa2a", "pontos": 9}, "geometry": {"type": "LineString", "coordinates": [[-41.313699331547, -21.776448033335], [-41.313919205134, -21.776370904857018], [-41.31382331145199, -21.776133198095977], [-41.313587502776, -21.775766021717004], [-41.313138435436, -21.775069297331015], [-41.31213408597599, -21.773561622523985], [-41.312382310705004, -21.773721201464014], [-41.31211312507501, -21.773519049892002], [-41.31185475192, -21.773066427030997]]}}, {"type": "Feature", "properties": {"nome": "299M - 6F", "tipo": "cabo", "categoria": "ramal_area", "comprimento": "299", "fibras": "6", "cor_kml": "ff00fa2a", "pontos": 5}, "geometry": {"type": "LineString", "coordinates": [[-41.311694029202, -21.776140814177992], [-41.311191271373005, -21.77530876130899], [-41.310810495978, -21.774715665375993], [-41.310528284371, -21.774341531353997], [-41.310233665286, -21.773817964512006]]}}, {"type": "Feature", "properties": {"nome": "130M - 6F", "tipo": "cabo", "categoria": "ramal_area", "comprimento": "130", "fibras": "6", "cor_kml": "ff00fa2a", "pontos": 7}, "geometry": {"type": "LineString", "coordinates": [[-41.312966122275, -21.778455305003007], [-41.312934105327, -21.778527068122997], [-41.31265501696199, -21.778694107224993], [-41.312444098235, -21.778877988907], [-41.312433746907, -21.778727555578016], [-41.312367929109, -21.778692065596005], [-41.312197722336, -21.778440151042005]]}}, {"type": "Feature", "properties": {"nome": "59M - 6F", "tipo": "cabo", "categoria": "ramal_area", "comprimento": "59", "fibras": "6", "cor_kml": "ff00fa2a", "pontos": 2}, "geometry": {"type": "LineString", "coordinates": [[-41.311586468756, -21.777544061965997], [-41.311267159571, -21.777109518855013]]}}, {"type": "Feature", "properties": {"nome": "289M - 6F", "tipo": "cabo", "categoria": "ramal_area", "comprimento": "289", "fibras": "6", "cor_kml": "ff00fa2a", "pontos": 8}, "geometry": {"type": "LineString", "coordinates": [[-41.312806544062, -21.777796026172012], [-41.312283808389004, -21.77806958424], [-41.311972521136, -21.778240887246], [-41.312066412112, -21.77828333950498], [-41.312194678865, -21.778470604801015], [-41.312060733338, -21.778298815460005], [-41.311960973582, -21.778247427102997], [-41.311001805371, -21.778839677931998]]}}, {"type": "Feature", "properties": {"nome": "456M - 6F", "tipo": "cabo", "categoria": "ramal_area", "comprimento": "456", "fibras": "6", "cor_kml": "ff00fa2a", "pontos": 8}, "geometry": {"type": "LineString", "coordinates": [[-41.31275557521901, -21.776988195404996], [-41.311818956748, -21.777487159963], [-41.31158247115601, -21.777540121556996], [-41.311470957488, -21.77770223982901], [-41.31028364229, -21.778343166545014], [-41.3102227542, -21.778431688823005], [-41.309879536859, -21.778480072989012], [-41.309360842631, -21.777630752169003]]}}, {"type": "Feature", "properties": {"nome": "94M - 6F", "tipo": "cabo", "categoria": "ramal_area", "comprimento": "94", "fibras": "6", "cor_kml": "ff00fa2a", "pontos": 3}, "geometry": {"type": "LineString", "coordinates": [[-41.310430001554, -21.777493422931997], [-41.310071152122994, -21.776914587004995], [-41.309888145637, -21.776839889201995]]}}, {"type": "Feature", "properties": {"nome": "FIBRA AS MINI RAR -R9 2", "tipo": "cabo", "categoria": "ramal_mini", "comprimento": "", "fibras": "", "cor_kml": "ff000000", "pontos": 3}, "geometry": {"type": "LineString", "coordinates": [[-41.312453208147, -21.777483782512007], [-41.312300322154, -21.777270820184995], [-41.312754201745, -21.776998344153]]}}, {"type": "Feature", "properties": {"nome": "185M - 6F", "tipo": "cabo", "categoria": "ramal_area", "comprimento": "185", "fibras": "6", "cor_kml": "ff00fa2a", "pontos": 8}, "geometry": {"type": "LineString", "coordinates": [[-41.308725209706, -21.776397978871003], [-41.30884462245799, -21.776730356223], [-41.308998815034, -21.77685199487], [-41.309077126406, -21.776989859645], [-41.309091877359, -21.777058587813997], [-41.309208962273, -21.777125133526], [-41.30984075835501, -21.776763190246], [-41.309891576456, -21.776834302401]]}}, {"type": "Feature", "properties": {"nome": "196M - 6F", "tipo": "cabo", "categoria": "ramal_area", "comprimento": "196", "fibras": "6", "cor_kml": "ff00fa2a", "pontos": 3}, "geometry": {"type": "LineString", "coordinates": [[-41.312648112772, -21.781878056135], [-41.313385009851, -21.781835994748008], [-41.314533541494, -21.781892026262994]]}}, {"type": "Feature", "properties": {"nome": "143M - 6F", "tipo": "cabo", "categoria": "ramal_area", "comprimento": "143", "fibras": "6", "cor_kml": "ff00fa2a", "pontos": 3}, "geometry": {"type": "LineString", "coordinates": [[-41.311282854513, -21.78006308672103], [-41.311104081598, -21.77977507349], [-41.312125676067, -21.779780804050006]]}}, {"type": "Feature", "properties": {"nome": "625M - 6F", "tipo": "cabo", "categoria": "ramal_area", "comprimento": "625", "fibras": "6", "cor_kml": "ff00fa2a", "pontos": 11}, "geometry": {"type": "LineString", "coordinates": [[-41.313716355696, -21.776448729910996], [-41.313252452839, -21.776700917710997], [-41.313154674629, -21.77686899632201], [-41.313352804213, -21.777461746209994], [-41.31355930365, -21.777968637124005], [-41.313969730913, -21.777723938564023], [-41.313578064776, -21.77801002068], [-41.313642948321, -21.778118523738996], [-41.313891097403, -21.778708891065023], [-41.314321135103, -21.77972668712701], [-41.314621260383, -21.780426628822]]}}, {"type": "Feature", "properties": {"nome": "264M - 6F", "tipo": "cabo", "categoria": "ramal_area", "comprimento": "264", "fibras": "6", "cor_kml": "ff00fa2a", "pontos": 7}, "geometry": {"type": "LineString", "coordinates": [[-41.31274962367199, -21.780408198952998], [-41.312914449174, -21.780081871248996], [-41.312904722928, -21.779857601746997], [-41.312872616088, -21.779788509583014], [-41.313415400515005, -21.77976968873], [-41.31286208307, -21.779767516861014], [-41.312116352054, -21.779785345731]]}}, {"type": "Feature", "properties": {"nome": "463M - 6F", "tipo": "cabo", "categoria": "ramal_area", "comprimento": "463", "fibras": "6", "cor_kml": "ff00fa2a", "pontos": 11}, "geometry": {"type": "LineString", "coordinates": [[-41.313707567769, -21.776451186840006], [-41.31395709705599, -21.77639398526901], [-41.314535773795, -21.777339859056994], [-41.314710163924005, -21.777843648352004], [-41.314842521507, -21.778189109042017], [-41.315066260265, -21.77884306345301], [-41.315142535853, -21.778958596663003], [-41.315201095178004, -21.779160664719996], [-41.315543430594, -21.780028583041997], [-41.315540861002, -21.779895105614003], [-41.3156836, -21.779843999999997]]}}, {"type": "Feature", "properties": {"nome": "183M - 6F", "tipo": "cabo", "categoria": "ramal_area", "comprimento": "183", "fibras": "6", "cor_kml": "ff00fa2a", "pontos": 3}, "geometry": {"type": "LineString", "coordinates": [[-41.313641156995, -21.780409231109005], [-41.31275735665899, -21.780405945992996], [-41.311875710121, -21.780405936216013]]}}, {"type": "Feature", "properties": {"nome": "345M - 12F", "tipo": "cabo", "categoria": "backbone_area", "comprimento": "345", "fibras": "12", "cor_kml": "ffd6ab00", "pontos": 14}, "geometry": {"type": "LineString", "coordinates": [[-41.311573298703, -21.777533080284996], [-41.311957564547, -21.778075743291993], [-41.312194583877, -21.778458398772997], [-41.31237155063, -21.778716351140005], [-41.312419868454, -21.778736014867007], [-41.312309839641, -21.778810506148005], [-41.31226730023, -21.778878421754], [-41.312357869883, -21.778988633485994], [-41.31251057249501, -21.779102912883005], [-41.312661574109, -21.779336118424993], [-41.312753494245, -21.77932081016], [-41.312662545786, -21.779368650387], [-41.312329877938, -21.779576884263022], [-41.312109516566, -21.779761436330006]]}}, {"type": "Feature", "properties": {"nome": "164M - 6F", "tipo": "cabo", "categoria": "ramal_area", "comprimento": "164", "fibras": "6", "cor_kml": "ff00fa2a", "pontos": 3}, "geometry": {"type": "LineString", "coordinates": [[-41.32120128863, -21.777442982701984], [-41.32031683953, -21.777438115880983], [-41.319611401378, -21.777445914601003]]}}, {"type": "Feature", "properties": {"nome": "145M - 6F", "tipo": "cabo", "categoria": "ramal_area", "comprimento": "145", "fibras": "6", "cor_kml": "ff00fa2a", "pontos": 4}, "geometry": {"type": "LineString", "coordinates": [[-41.317436750981, -21.776858174538006], [-41.318136749903, -21.776577934239995], [-41.318533571099, -21.77641359493002], [-41.318584403967, -21.776225177097004]]}}, {"type": "Feature", "properties": {"nome": "258M - 6F", "tipo": "cabo", "categoria": "ramal_area", "comprimento": "258", "fibras": "6", "cor_kml": "ff00fa2a", "pontos": 3}, "geometry": {"type": "LineString", "coordinates": [[-41.32170666593801, -21.776594114473], [-41.32048383828899, -21.776620314887992], [-41.319209092637, -21.776635008189018]]}}, {"type": "Feature", "properties": {"nome": "216M - 6F", "tipo": "cabo", "categoria": "ramal_area", "comprimento": "216", "fibras": "6", "cor_kml": "ff00fa2a", "pontos": 5}, "geometry": {"type": "LineString", "coordinates": [[-41.321401600018, -21.77574587061399], [-41.321148610895, -21.775722706501], [-41.320806653655, -21.77571386467301], [-41.32049220888101, -21.775732060592006], [-41.3197552, -21.775776199999996]]}}, {"type": "Feature", "properties": {"nome": "130M - 12F", "tipo": "cabo", "categoria": "backbone_area", "comprimento": "130", "fibras": "12", "cor_kml": "ff0a70f5", "pontos": 3}, "geometry": {"type": "LineString", "coordinates": [[-41.31628700493, -21.776215928593004], [-41.31591954229601, -21.77528685482399], [-41.315726423247, -21.77532421715601]]}}, {"type": "Feature", "properties": {"nome": "239M - 6F", "tipo": "cabo", "categoria": "ramal_area", "comprimento": "239", "fibras": "6", "cor_kml": "ff00fa2a", "pontos": 6}, "geometry": {"type": "LineString", "coordinates": [[-41.31692930535501, -21.77616712513398], [-41.318104023594, -21.775796558896005], [-41.318489630206, -21.775672583467], [-41.31856006364, -21.77567619229798], [-41.318585573967, -21.775298039882998], [-41.31863168802, -21.77512790119799]]}}, {"type": "Feature", "properties": {"nome": "409M - 12F", "tipo": "cabo", "categoria": "backbone_area", "comprimento": "409", "fibras": "12", "cor_kml": "ffd6ab00", "pontos": 3}, "geometry": {"type": "LineString", "coordinates": [[-41.322551670752, -21.775700069669995], [-41.321896019814, -21.77576591647602], [-41.321822696922, -21.775193587874]]}}, {"type": "Feature", "properties": {"nome": "315M - 6F", "tipo": "cabo", "categoria": "ramal_area", "comprimento": "315", "fibras": "6", "cor_kml": "ff00fa2a", "pontos": 7}, "geometry": {"type": "LineString", "coordinates": [[-41.316996271923, -21.780056070694016], [-41.316831727138, -21.779660683849016], [-41.31688993057699, -21.779595251673996], [-41.316722694136, -21.77934485074499], [-41.31637490397, -21.778379153795996], [-41.316100880323, -21.777697132547004], [-41.315999166354, -21.777418602913997]]}}, {"type": "Feature", "properties": {"nome": "254M - 6F", "tipo": "cabo", "categoria": "ramal_area", "comprimento": "254", "fibras": "6", "cor_kml": "ff00fa2a", "pontos": 6}, "geometry": {"type": "LineString", "coordinates": [[-41.3179076582, -21.77940632869999], [-41.31793347606699, -21.77958735359701], [-41.317628708463, -21.779615551624005], [-41.319131083129, -21.77961387653302], [-41.319083186976, -21.779508440187], [-41.319811137161, -21.779521519572]]}}, {"type": "Feature", "properties": {"nome": "353M - 6F", "tipo": "cabo", "categoria": "ramal_area", "comprimento": "353", "fibras": "6", "cor_kml": "ff00fa2a", "pontos": 7}, "geometry": {"type": "LineString", "coordinates": [[-41.317310083032, -21.778903050878995], [-41.317270025255, -21.779065703786998], [-41.31706610503, -21.778259830042003], [-41.316954359567, -21.777944877886], [-41.31663874823, -21.77708674686302], [-41.316487517269, -21.776751271379], [-41.3162700639, -21.776197376693005]]}}, {"type": "Feature", "properties": {"nome": "566M - 12F", "tipo": "cabo", "categoria": "backbone_area", "comprimento": "566", "fibras": "12", "cor_kml": "ffd6ab00", "pontos": 10}, "geometry": {"type": "LineString", "coordinates": [[-41.320155381952006, -21.778844716983997], [-41.319772706627006, -21.778851091671015], [-41.319005194201, -21.77884270624901], [-41.318657586503, -21.778836328207007], [-41.318655704279, -21.778488853761004], [-41.318634290528, -21.778138989528998], [-41.318594625474, -21.77722671097699], [-41.31858493125501, -21.77623556870698], [-41.318595733092, -21.77541866369502], [-41.318643931458006, -21.775124157453007]]}}, {"type": "Feature", "properties": {"nome": "326M - 12F", "tipo": "cabo", "categoria": "backbone_area", "comprimento": "326", "fibras": "12", "cor_kml": "ffd6ab00", "pontos": 7}, "geometry": {"type": "LineString", "coordinates": [[-41.321688618213, -21.776583085004006], [-41.321895376698, -21.776680161718005], [-41.32189454780201, -21.777410195125995], [-41.322027099166, -21.77741438739598], [-41.321910600811, -21.77748315542901], [-41.321910600811, -21.778083655383], [-41.321584102023, -21.778123097448983]]}}, {"type": "Feature", "properties": {"nome": "242M - 6F", "tipo": "cabo", "categoria": "ramal_area", "comprimento": "242", "fibras": "6", "cor_kml": "ff00fa2a", "pontos": 3}, "geometry": {"type": "LineString", "coordinates": [[-41.321584102023, -21.778123097448983], [-41.320436234082, -21.778145577084985], [-41.319246428923, -21.778159277726004]]}}, {"type": "Feature", "properties": {"nome": "202M - 12F", "tipo": "cabo", "categoria": "backbone_area", "comprimento": "202", "fibras": "12", "cor_kml": "ff0a70f5", "pontos": 5}, "geometry": {"type": "LineString", "coordinates": [[-41.315314813188, -21.777459700354], [-41.315150431709, -21.777038757116998], [-41.315499885609, -21.776883610881], [-41.315743966629995, -21.776747334153], [-41.31600682311301, -21.77743977407401]]}}, {"type": "Feature", "properties": {"nome": "223M - 6F", "tipo": "cabo", "categoria": "ramal_area", "comprimento": "223", "fibras": "6", "cor_kml": "ff00fa2a", "pontos": 9}, "geometry": {"type": "LineString", "coordinates": [[-41.318180674408, -21.782763960124], [-41.318467767475, -21.782659192493995], [-41.318491377366, -21.782569528262], [-41.318409659998, -21.782458567863983], [-41.317832455472, -21.782455831189026], [-41.317605039201, -21.782395676527003], [-41.31718744180001, -21.782256858642995], [-41.317100844776, -21.782220494982], [-41.317024141552, -21.781998763361997]]}}, {"type": "Feature", "properties": {"nome": "609M - 12F", "tipo": "cabo", "categoria": "backbone_area", "comprimento": "609", "fibras": "12", "cor_kml": "ffd6ab00", "pontos": 11}, "geometry": {"type": "LineString", "coordinates": [[-41.313071010202, -21.78251875832602], [-41.314426686797, -21.782551168461993], [-41.314790633752004, -21.782583843094997], [-41.31547615659099, -21.78258963504601], [-41.315654970416, -21.782537053674986], [-41.316274963365, -21.782528788254993], [-41.316466852033, -21.782551881089006], [-41.316340251534, -21.782213926533004], [-41.316171637375, -21.781876479524996], [-41.315732669406, -21.781887638073982], [-41.314465686593, -21.781885383071995]]}}, {"type": "Feature", "properties": {"nome": "350M - 6F", "tipo": "cabo", "categoria": "ramal_area", "comprimento": "350", "fibras": "6", "cor_kml": "ff00fa2a", "pontos": 7}, "geometry": {"type": "LineString", "coordinates": [[-41.317692599000004, -21.781865294913004], [-41.317559416468, -21.781430646909982], [-41.317293005318, -21.781119307498983], [-41.316722760333, -21.781179133056], [-41.316463239559, -21.781132734088004], [-41.315998481551, -21.78117398997], [-41.316370987151, -21.782213028271002]]}}, {"type": "Feature", "properties": {"nome": "481M - 6F", "tipo": "cabo", "categoria": "ramal_area", "comprimento": "481", "fibras": "6", "cor_kml": "ff00fa2a", "pontos": 8}, "geometry": {"type": "LineString", "coordinates": [[-41.312475681281, -21.781267499818], [-41.312762965408005, -21.781226963715], [-41.31382833581, -21.781235568195996], [-41.314475191419, -21.781216051385], [-41.315466616199, -21.781196270558], [-41.315854837631, -21.78116231291699], [-41.315968877712, -21.781203857964996], [-41.316342160822, -21.782200246013005]]}}, {"type": "Feature", "properties": {"nome": "96M - 6F", "tipo": "cabo", "categoria": "ramal_area", "comprimento": "96", "fibras": "6", "cor_kml": "ff00fa2a", "pontos": 3}, "geometry": {"type": "LineString", "coordinates": [[-41.317037000971, -21.782013738879], [-41.316846165363, -21.781559418558004], [-41.31674534787399, -21.781193497917002]]}}, {"type": "Feature", "properties": {"nome": "144M - 6F", "tipo": "cabo", "categoria": "ramal_area", "comprimento": "144", "fibras": "6", "cor_kml": "ff00fa2a", "pontos": 6}, "geometry": {"type": "LineString", "coordinates": [[-41.318486190143, -21.78020876343001], [-41.31868051989, -21.78020463179101], [-41.318683654838, -21.779788380238003], [-41.318673417849, -21.779549145314007], [-41.319044962356, -21.779541244548994], [-41.319131083129, -21.77961387653302]]}}, {"type": "Feature", "properties": {"nome": "309M - 6F", "tipo": "cabo", "categoria": "ramal_area", "comprimento": "309", "fibras": "6", "cor_kml": "ff00fa2a", "pontos": 4}, "geometry": {"type": "LineString", "coordinates": [[-41.316283233549, -21.780081913866], [-41.316099243244, -21.779489695137002], [-41.31571779651101, -21.778515778321008], [-41.315319083221006, -21.77744089293398]]}}, {"type": "Feature", "properties": {"nome": "FIBRA AS MINI RAR -R3 8", "tipo": "cabo", "categoria": "ramal_mini", "comprimento": "", "fibras": "", "cor_kml": "ffffffff", "pontos": 3}, "geometry": {"type": "LineString", "coordinates": [[-41.322789701989, -21.777889012434002], [-41.32280409341201, -21.778088935099007], [-41.322361407584, -21.778142276531]]}}, {"type": "Feature", "properties": {"nome": "213M - 12F", "tipo": "cabo", "categoria": "backbone_area", "comprimento": "213", "fibras": "12", "cor_kml": "ffd6ab00", "pontos": 5}, "geometry": {"type": "LineString", "coordinates": [[-41.327108112773004, -21.77612262027101], [-41.326737270602, -21.776257664542], [-41.326905696621, -21.776824034609007], [-41.327027584255, -21.777207729924], [-41.327213287247, -21.777748426993995]]}}, {"type": "Feature", "properties": {"nome": "222M - 6F", "tipo": "cabo", "categoria": "ramal_area", "comprimento": "222", "fibras": "6", "cor_kml": "ff00fa2a", "pontos": 4}, "geometry": {"type": "LineString", "coordinates": [[-41.32331298715201, -21.777262632152016], [-41.323070021084, -21.777317853873996], [-41.322027099166, -21.77741438739598], [-41.32120128863, -21.777442982701984]]}}, {"type": "Feature", "properties": {"nome": "117M - 6F", "tipo": "cabo", "categoria": "ramal_area", "comprimento": "117", "fibras": "6", "cor_kml": "ff00fa2a", "pontos": 4}, "geometry": {"type": "LineString", "coordinates": [[-41.327317488066, -21.776518604490008], [-41.327237021796, -21.776553475700993], [-41.326909221471006, -21.776664901003002], [-41.32691903787801, -21.776829424924003]]}}, {"type": "Feature", "properties": {"nome": "276M - 6F", "tipo": "cabo", "categoria": "ramal_area", "comprimento": "276", "fibras": "6", "cor_kml": "ff00fa2a", "pontos": 6}, "geometry": {"type": "LineString", "coordinates": [[-41.32527191927699, -21.776665126178003], [-41.325519890637004, -21.776560344990983], [-41.325343832639, -21.775726877527006], [-41.325214420605995, -21.775082433471013], [-41.325144593436, -21.774976092542005], [-41.324523841614, -21.775202970430996]]}}, {"type": "Feature", "properties": {"nome": "291M - 6F", "tipo": "cabo", "categoria": "ramal_area", "comprimento": "291", "fibras": "6", "cor_kml": "ff00fa2a", "pontos": 4}, "geometry": {"type": "LineString", "coordinates": [[-41.326369413959, -21.775839371895003], [-41.326204381088, -21.775116661403004], [-41.325910591425, -21.773868125513005], [-41.325777290769, -21.773266353403997]]}}, {"type": "Feature", "properties": {"nome": "155M - 6F", "tipo": "cabo", "categoria": "ramal_area", "comprimento": "155", "fibras": "6", "cor_kml": "ff00fa2a", "pontos": 4}, "geometry": {"type": "LineString", "coordinates": [[-41.323190002286, -21.776467498942992], [-41.322803066069, -21.776524921736012], [-41.322470572043, -21.776591585503013], [-41.321699953403005, -21.776580809097993]]}}, {"type": "Feature", "properties": {"nome": "270M - 6F", "tipo": "cabo", "categoria": "ramal_area", "comprimento": "270", "fibras": "6", "cor_kml": "ff00fa2a", "pontos": 5}, "geometry": {"type": "LineString", "coordinates": [[-41.325178516326, -21.780511729442992], [-41.326408161966, -21.780102311128005], [-41.325732162415, -21.780381258038005], [-41.325770905469994, -21.780505794682995], [-41.326100876567, -21.78044020233901]]}}, {"type": "Feature", "properties": {"nome": "366M - 6F", "tipo": "cabo", "categoria": "ramal_area", "comprimento": "366", "fibras": "6", "cor_kml": "ff00fa2a", "pontos": 5}, "geometry": {"type": "LineString", "coordinates": [[-41.319735910068, -21.780257157547], [-41.321127857662, -21.780227551908], [-41.322105457499, -21.780196142202], [-41.323037300484, -21.780201031559983], [-41.32326782670799, -21.780192539864004]]}}, {"type": "Feature", "properties": {"nome": "876M - 12F", "tipo": "cabo", "categoria": "backbone_area", "comprimento": "876", "fibras": "12", "cor_kml": "ffd6ab00", "pontos": 17}, "geometry": {"type": "LineString", "coordinates": [[-41.319798834253, -21.779506501352998], [-41.32061154235001, -21.779516413588], [-41.321676054816, -21.779518191395], [-41.32248580518, -21.779492095193007], [-41.32311221629299, -21.779458602584995], [-41.323640013724, -21.779304735298], [-41.324744393777, -21.779074768605], [-41.325173169157, -21.778885195571007], [-41.325083983114006, -21.779047977458987], [-41.325251642615, -21.779442178010996], [-41.325285717193005, -21.779625037508993], [-41.325150419818996, -21.779582251815995], [-41.324739815511, -21.779751503276003], [-41.324449729667, -21.779872278797], [-41.32406607325701, -21.780019579150007], [-41.323735617754, -21.780114674201997], [-41.32326782670799, -21.780192539864004]]}}, {"type": "Feature", "properties": {"nome": "125M - 6F", "tipo": "cabo", "categoria": "ramal_area", "comprimento": "125", "fibras": "6", "cor_kml": "ff00fa2a", "pontos": 6}, "geometry": {"type": "LineString", "coordinates": [[-41.32548844185, -21.778770001867002], [-41.325540269974, -21.778641688892023], [-41.325989854872, -21.778454253276024], [-41.326404780296, -21.77828126726], [-41.327217894561, -21.77799800839699], [-41.32727734075999, -21.77799574045099]]}}, {"type": "Feature", "properties": {"nome": "373M - 6F", "tipo": "cabo", "categoria": "ramal_area", "comprimento": "373", "fibras": "6", "cor_kml": "ff00fa2a", "pontos": 10}, "geometry": {"type": "LineString", "coordinates": [[-41.324910249372, -21.778522024352], [-41.324724763122, -21.778002364959008], [-41.324668627037, -21.77775171925198], [-41.324634033757995, -21.77743336254001], [-41.32448026557499, -21.777143375872015], [-41.324220776717, -21.776611815818995], [-41.32410711461, -21.776186222988997], [-41.32424631542399, -21.776200992046], [-41.32403433998601, -21.775707338478995], [-41.323991123979994, -21.775478214382005]]}}, {"type": "Feature", "properties": {"nome": "401M - 6F", "tipo": "cabo", "categoria": "ramal_area", "comprimento": "401", "fibras": "6", "cor_kml": "ff00fa2a", "pontos": 6}, "geometry": {"type": "LineString", "coordinates": [[-41.324019858631, -21.778631536549], [-41.323251501963, -21.778718575892], [-41.322815545716, -21.778796956771004], [-41.322140308466, -21.778792052536005], [-41.321289120971, -21.77883647770797], [-41.32016127309301, -21.778832641907997]]}}, {"type": "Feature", "properties": {"nome": "201M - 6F", "tipo": "cabo", "categoria": "ramal_area", "comprimento": "201", "fibras": "6", "cor_kml": "ff00fa2a", "pontos": 4}, "geometry": {"type": "LineString", "coordinates": [[-41.323504448079, -21.778041887149996], [-41.323197484286, -21.77809170271101], [-41.322361407584, -21.778142276531], [-41.321580828542, -21.778143795711998]]}}, {"type": "Feature", "properties": {"nome": "391M - 12F", "tipo": "cabo", "categoria": "backbone_area", "comprimento": "391", "fibras": "12", "cor_kml": "ffd6ab00", "pontos": 8}, "geometry": {"type": "LineString", "coordinates": [[-41.326100876567, -21.78044020233901], [-41.3257703316, -21.780588428578], [-41.325967027036995, -21.781147458118994], [-41.326292349987, -21.78209150754799], [-41.325886560603, -21.782199091934004], [-41.326306544023, -21.782116326281], [-41.326498093619, -21.782630472440005], [-41.32662264823, -21.782910763044]]}}, {"type": "Feature", "properties": {"nome": "120M - 6F", "tipo": "cabo", "categoria": "ramal_area", "comprimento": "120", "fibras": "6", "cor_kml": "ff00fa2a", "pontos": 4}, "geometry": {"type": "LineString", "coordinates": [[-41.322482963889, -21.782880144198003], [-41.323057867905, -21.782783542884005], [-41.323353935077, -21.782712944900993], [-41.323620462619004, -21.782675681141]]}}, {"type": "Feature", "properties": {"nome": "237M - 6F", "tipo": "cabo", "categoria": "ramal_area", "comprimento": "237", "fibras": "6", "cor_kml": "ff00fa2a", "pontos": 3}, "geometry": {"type": "LineString", "coordinates": [[-41.327384397892, -21.78169256636302], [-41.325886560603, -21.782199091934004], [-41.325254553304, -21.782358994763996]]}}, {"type": "Feature", "properties": {"nome": "412M - 12F", "tipo": "cabo", "categoria": "backbone_area", "comprimento": "412", "fibras": "12", "cor_kml": "ffd6ab00", "pontos": 14}, "geometry": {"type": "LineString", "coordinates": [[-41.323606645267006, -21.782669035983034], [-41.323951901936, -21.782560485580987], [-41.324063570186, -21.782439511435], [-41.323994256867, -21.78201428058199], [-41.323898854291, -21.781794815743993], [-41.323454072879, -21.781789727467], [-41.32388971602101, -21.781751717610007], [-41.32392660589, -21.78166748841602], [-41.323877360757, -21.781471235167004], [-41.323815628380004, -21.78101674474], [-41.32372048059, -21.780958280346], [-41.323419404291, -21.781005133536], [-41.323104269967, -21.781035775579994], [-41.322796733063, -21.781068890823022]]}}, {"type": "Feature", "properties": {"nome": "378M - 6F", "tipo": "cabo", "categoria": "ramal_area", "comprimento": "378", "fibras": "6", "cor_kml": "ff00fa2a", "pontos": 7}, "geometry": {"type": "LineString", "coordinates": [[-41.323454947527, -21.781794508047014], [-41.323066483368, -21.781783386305023], [-41.322408095115, -21.781779011653995], [-41.322135846205, -21.781792733472997], [-41.320629772162, -21.781783043416], [-41.320050003233, -21.781803837168], [-41.32002534388901, -21.78157368884]]}}, {"type": "Feature", "properties": {"nome": "448M - 6F", "tipo": "cabo", "categoria": "ramal_area", "comprimento": "448", "fibras": "6", "cor_kml": "ff00fa2a", "pontos": 6}, "geometry": {"type": "LineString", "coordinates": [[-41.32091556265, -21.781111466392005], [-41.321761570974004, -21.781109547982], [-41.32186281751, -21.781101836594004], [-41.32281140640699, -21.781079438853], [-41.322811366468, -21.780882117885014], [-41.320644619905, -21.780910295607995]]}}, {"type": "Feature", "properties": {"nome": "225M - 6F", "tipo": "cabo", "categoria": "ramal_area", "comprimento": "225", "fibras": "6", "cor_kml": "ff00fa2a", "pontos": 6}, "geometry": {"type": "LineString", "coordinates": [[-41.327072720729, -21.78011085661001], [-41.32622467601699, -21.780392806269006], [-41.326092606294, -21.780433369141008], [-41.32555091577, -21.780608888747977], [-41.325241493524, -21.780703910339994], [-41.325017124434005, -21.780772812021]]}}, {"type": "Feature", "properties": {"nome": "FIBRA AS MINI RAR -R2 7", "tipo": "cabo", "categoria": "ramal_mini", "comprimento": "", "fibras": "", "cor_kml": "ff00ffff", "pontos": 3}, "geometry": {"type": "LineString", "coordinates": [[-41.313454976331, -21.783645699863], [-41.31357716598, -21.783648467291002], [-41.31361590903499, -21.783330213678]]}}, {"type": "Feature", "properties": {"nome": "FIBRA AS MINI RAR -R3 5", "tipo": "cabo", "categoria": "ramal_mini", "comprimento": "", "fibras": "", "cor_kml": "ffffffff", "pontos": 4}, "geometry": {"type": "LineString", "coordinates": [[-41.31353544276501, -21.783457515192993], [-41.313466897296, -21.783460282624006], [-41.313466897296, -21.783310841716002], [-41.31361590903499, -21.783330213678]]}}, {"type": "Feature", "properties": {"nome": "FIBRA AS MINI RAR -R4 5", "tipo": "cabo", "categoria": "ramal_mini", "comprimento": "", "fibras": "", "cor_kml": "ffff0000", "pontos": 4}, "geometry": {"type": "LineString", "coordinates": [[-41.313380470705994, -21.783449212974006], [-41.313434114887, -21.783449212974006], [-41.313428154241, -21.783288702318004], [-41.31361590903499, -21.783330213678]]}}, {"type": "Feature", "properties": {"nome": "FIBRA AS MINI RAR -R12 4", "tipo": "cabo", "categoria": "ramal_mini", "comprimento": "", "fibras": "", "cor_kml": "ffffff00", "pontos": 3}, "geometry": {"type": "LineString", "coordinates": [[-41.313756562334, -21.783251051620994], [-41.31361590903499, -21.783253819018], [-41.31361590903499, -21.783330213678]]}}, {"type": "Feature", "properties": {"nome": "587M - 6F (extens\u00e3o de rompimento) (extens\u00e3o", "tipo": "cabo", "categoria": "ramal_area", "comprimento": "587", "fibras": "6", "cor_kml": "ff00fa2a", "pontos": 5}, "geometry": {"type": "LineString", "coordinates": [[-41.31505296363099, -21.783237214482], [-41.313756562334, -21.783251051620994], [-41.31441817411, -21.783204005328002], [-41.314429416587, -21.78259600983901], [-41.314790633752004, -21.782583843094997]]}}, {"type": "Feature", "properties": {"nome": "379M - 6F", "tipo": "cabo", "categoria": "ramal_area", "comprimento": "379", "fibras": "6", "cor_kml": "ff00fa2a", "pontos": 9}, "geometry": {"type": "LineString", "coordinates": [[-41.320805273689, -21.782590253670023], [-41.320106203899, -21.782602973959996], [-41.319920221185, -21.782595662895034], [-41.319570191619995, -21.782610130321004], [-41.319188109495, -21.782638502736006], [-41.31887540593501, -21.782688071806007], [-41.318482336585, -21.78270658226502], [-41.318182402161, -21.782779174957994], [-41.317230106462, -21.78312277315399]]}}, {"type": "Feature", "properties": {"nome": "80M - 6F", "tipo": "cabo", "categoria": "ramal_area", "comprimento": "80", "fibras": "6", "cor_kml": "ff00fa2a", "pontos": 3}, "geometry": {"type": "LineString", "coordinates": [[-41.31996026932901, -21.785492935435002], [-41.3199004782, -21.785180511932992], [-41.319829228116, -21.784784034650016]]}}, {"type": "Feature", "properties": {"nome": "82M - 6F", "tipo": "cabo", "categoria": "ramal_area", "comprimento": "82", "fibras": "6", "cor_kml": "ff00fa2a", "pontos": 2}, "geometry": {"type": "LineString", "coordinates": [[-41.320612731919, -21.78535647415299], [-41.320480538849, -21.784691654515015]]}}, {"type": "Feature", "properties": {"nome": "87M - 6F", "tipo": "cabo", "categoria": "ramal_area", "comprimento": "87", "fibras": "6", "cor_kml": "ff00fa2a", "pontos": 2}, "geometry": {"type": "LineString", "coordinates": [[-41.31751428533, -21.785402065812022], [-41.318279476483, -21.785112268337997]]}}, {"type": "Feature", "properties": {"nome": "359M - 6F", "tipo": "cabo", "categoria": "ramal_area", "comprimento": "359", "fibras": "6", "cor_kml": "ff00fa2a", "pontos": 7}, "geometry": {"type": "LineString", "coordinates": [[-41.320954731658006, -21.78406902669299], [-41.31954230723301, -21.784326152022004], [-41.319107241679, -21.78441111629199], [-41.31902078804, -21.784299838154993], [-41.31889023856, -21.784283774865997], [-41.318589530999, -21.784401315882008], [-41.31767491389301, -21.784742230687016]]}}, {"type": "Feature", "properties": {"nome": "260M - 6F", "tipo": "cabo", "categoria": "ramal_area", "comprimento": "260", "fibras": "6", "cor_kml": "ff00fa2a", "pontos": 6}, "geometry": {"type": "LineString", "coordinates": [[-41.319660458222, -21.78383377445701], [-41.319011558246004, -21.783816998608998], [-41.318982595839, -21.783693596476], [-41.31879289367101, -21.783736821063002], [-41.318506180955005, -21.783857064327023], [-41.317359895727, -21.784256403170005]]}}, {"type": "Feature", "properties": {"nome": "554M - 12F", "tipo": "cabo", "categoria": "backbone_area", "comprimento": "554", "fibras": "12", "cor_kml": "ffd6ab00", "pontos": 15}, "geometry": {"type": "LineString", "coordinates": [[-41.319595796381, -21.782622356257022], [-41.31884331052701, -21.782706705760987], [-41.318926802884, -21.78314115752501], [-41.31908104689, -21.783217437488005], [-41.31945780342901, -21.783250154299992], [-41.31907494449, -21.783265036515004], [-41.318929664262, -21.78318749508901], [-41.318981240675996, -21.78367887610402], [-41.319033122656, -21.783790228686996], [-41.319652631513, -21.78381583019899], [-41.31965930942, -21.783844892985], [-41.31900615163, -21.783839245779987], [-41.319013213694, -21.784267761769], [-41.31911156441, -21.784381128237996], [-41.3195451545, -21.784314011863998]]}}, {"type": "Feature", "properties": {"nome": "FIBRA AS MINI RAR -R1 6", "tipo": "cabo", "categoria": "ramal_mini", "comprimento": "", "fibras": "", "cor_kml": "ff00ff00", "pontos": 3}, "geometry": {"type": "LineString", "coordinates": [[-41.313517561317006, -21.783858790948997], [-41.313601007911004, -21.783856023602], [-41.31361590903499, -21.783330213678]]}}, {"type": "Feature", "properties": {"nome": "105M - 6F", "tipo": "cabo", "categoria": "ramal_area", "comprimento": "105", "fibras": "6", "cor_kml": "ff00fa2a", "pontos": 2}, "geometry": {"type": "LineString", "coordinates": [[-41.317846426434, -21.785815325689], [-41.318788030727994, -21.785451850832004]]}}, {"type": "Feature", "properties": {"nome": "410M - 6F", "tipo": "cabo", "categoria": "ramal_area", "comprimento": "410", "fibras": "6", "cor_kml": "ff00fa2a", "pontos": 8}, "geometry": {"type": "LineString", "coordinates": [[-41.318326352371, -21.78671114058102], [-41.319536687367, -21.786769087465004], [-41.319511770896, -21.785920243494004], [-41.319326977226005, -21.785839856365996], [-41.318055220562, -21.786297231543998], [-41.317336778138, -21.786574593032995], [-41.31713061844399, -21.786057250797015], [-41.31784268795, -21.785822153752008]]}}, {"type": "Feature", "properties": {"nome": "272M - 6F", "tipo": "cabo", "categoria": "ramal_area", "comprimento": "272", "fibras": "6", "cor_kml": "ff00fa2a", "pontos": 7}, "geometry": {"type": "LineString", "coordinates": [[-41.31490723531801, -21.785431507045004], [-41.316006882263, -21.785462708398], [-41.316677927256, -21.785463966996005], [-41.316885140161, -21.785543247383018], [-41.31693215523401, -21.785578232217006], [-41.317228962494, -21.78548204653103], [-41.317518905656, -21.785398555374]]}}, {"type": "Feature", "properties": {"nome": "874M - 6F", "tipo": "cabo", "categoria": "ramal_area", "comprimento": "874", "fibras": "6", "cor_kml": "ff00fa2a", "pontos": 17}, "geometry": {"type": "LineString", "coordinates": [[-41.317745568906, -21.789529905531012], [-41.318348742027, -21.789503679407005], [-41.318244076336, -21.789074405380006], [-41.31812529868999, -21.789029954938997], [-41.317435400574, -21.789022138714003], [-41.316857139051, -21.789046414842005], [-41.317441001634, -21.788985725125002], [-41.318113480545, -21.788991569329994], [-41.318214831168, -21.789022616731003], [-41.317929205313, -21.788379084032], [-41.317940681779, -21.788550034310987], [-41.31677360188699, -21.788559091476998], [-41.31711817229701, -21.788508420129006], [-41.317780926096, -21.788504558547018], [-41.31791910702, -21.788489680602993], [-41.317706985823, -21.78806616981001], [-41.316838901432, -21.788076183846997]]}}, {"type": "Feature", "properties": {"nome": "609M - 12F", "tipo": "cabo", "categoria": "backbone_area", "comprimento": "609", "fibras": "12", "cor_kml": "ffd6ab00", "pontos": 10}, "geometry": {"type": "LineString", "coordinates": [[-41.316818613256, -21.788055123629007], [-41.317718590428996, -21.788023636674993], [-41.317725146343, -21.78789481755601], [-41.317365019024, -21.786972426864978], [-41.317284307105, -21.786616951341003], [-41.317089883118, -21.786044069057], [-41.31784631571399, -21.785805484252975], [-41.31706904667401, -21.786009468599005], [-41.316918162408, -21.785596393111007], [-41.3175323656, -21.785405256670998]]}}, {"type": "Feature", "properties": {"nome": "236M - 6F", "tipo": "cabo", "categoria": "ramal_area", "comprimento": "236", "fibras": "6", "cor_kml": "ff00fa2a", "pontos": 9}, "geometry": {"type": "LineString", "coordinates": [[-41.315639667107, -21.78409931403901], [-41.315203076803, -21.784115201495013], [-41.315203360314, -21.784833049344996], [-41.316343487331, -21.784828065181003], [-41.316638660116006, -21.784987542332004], [-41.316827240862, -21.785432504192002], [-41.316890537469995, -21.785533539108997], [-41.31693120347099, -21.785556359162], [-41.317232591048, -21.78546325203]]}}, {"type": "Feature", "properties": {"nome": "259M - 6F", "tipo": "cabo", "categoria": "ramal_area", "comprimento": "259", "fibras": "6", "cor_kml": "ff00fa2a", "pontos": 7}, "geometry": {"type": "LineString", "coordinates": [[-41.317669436382, -21.78473387798101], [-41.31680782359, -21.785033065478018], [-41.316646479408995, -21.785058546995003], [-41.31681835231599, -21.785452768151984], [-41.3168672669, -21.785521662774002], [-41.316684118007, -21.785451158298017], [-41.316007893172994, -21.78544738115602]]}}, {"type": "Feature", "properties": {"nome": "96M - 6F", "tipo": "cabo", "categoria": "ramal_area", "comprimento": "96", "fibras": "6", "cor_kml": "ff00fa2a", "pontos": 3}, "geometry": {"type": "LineString", "coordinates": [[-41.32132335214, -21.785399829076], [-41.32122512871201, -21.784978502461996], [-41.321147529603, -21.784553029813992]]}}, {"type": "Feature", "properties": {"nome": "392M - 12F", "tipo": "cabo", "categoria": "backbone_area", "comprimento": "392", "fibras": "12", "cor_kml": "ffd6ab00", "pontos": 10}, "geometry": {"type": "LineString", "coordinates": [[-41.319882501017, -21.785188063362995], [-41.320523868454, -21.785078889163017], [-41.32061502738699, -21.785351549259005], [-41.320592007482006, -21.785066208295007], [-41.321221188527, -21.78496317725501], [-41.32185684302001, -21.784842084519], [-41.32194299238099, -21.78521308591901], [-41.32190435662099, -21.784862427745992], [-41.322228997228, -21.784815592532013], [-41.32230948533499, -21.784720646294005]]}}, {"type": "Feature", "properties": {"nome": "85M - 6F", "tipo": "cabo", "categoria": "ramal_area", "comprimento": "85", "fibras": "6", "cor_kml": "ff00fa2a", "pontos": 2}, "geometry": {"type": "LineString", "coordinates": [[-41.321952656386, -21.785228216121], [-41.321799154467, -21.784477173523015]]}}, {"type": "Feature", "properties": {"nome": "68M - 6F", "tipo": "cabo", "categoria": "ramal_area", "comprimento": "68", "fibras": "6", "cor_kml": "ff00fa2a", "pontos": 4}, "geometry": {"type": "LineString", "coordinates": [[-41.32296070668399, -21.784910613440005], [-41.322412290355, -21.785039219845018], [-41.322365406118, -21.784967955368998], [-41.32230486261, -21.784729288617996]]}}, {"type": "Feature", "properties": {"nome": "360M - 6F", "tipo": "cabo", "categoria": "ramal_area", "comprimento": "360", "fibras": "6", "cor_kml": "ff00fa2a", "pontos": 8}, "geometry": {"type": "LineString", "coordinates": [[-41.322405439046, -21.783814431054992], [-41.32373251448299, -21.783555714502], [-41.324051237236006, -21.783482122926998], [-41.324284676268, -21.783357628215], [-41.324113102784, -21.782731157789996], [-41.324068849312, -21.782466055734005], [-41.323954937306, -21.782585540499994], [-41.32359588345901, -21.782691343087023]]}}, {"type": "Feature", "properties": {"nome": "98M - 6F", "tipo": "cabo", "categoria": "ramal_area", "comprimento": "98", "fibras": "6", "cor_kml": "ff00fa2a", "pontos": 4}, "geometry": {"type": "LineString", "coordinates": [[-41.32230456296101, -21.784734597210985], [-41.322234998494, -21.784393189073995], [-41.322913139046, -21.784266663865992], [-41.322994961722, -21.78446660414599]]}}, {"type": "Feature", "properties": {"nome": "389M - 6F", "tipo": "cabo", "categoria": "ramal_area", "comprimento": "389", "fibras": "6", "cor_kml": "ff00fa2a", "pontos": 10}, "geometry": {"type": "LineString", "coordinates": [[-41.32103328333199, -21.783233670984004], [-41.32012795035, -21.783260678070008], [-41.320023515197, -21.783220488184], [-41.319754581812, -21.783245194448], [-41.319437107986, -21.783253767769992], [-41.319080868617, -21.783247304431], [-41.318917044461, -21.78315957585501], [-41.318722887717, -21.783159231509998], [-41.318366044799, -21.783325475116996], [-41.317409490308, -21.78364180770599]]}}, {"type": "Feature", "properties": {"nome": "57M - 6F", "tipo": "cabo", "categoria": "ramal_area", "comprimento": "57", "fibras": "6", "cor_kml": "ff00fa2a", "pontos": 3}, "geometry": {"type": "LineString", "coordinates": [[-41.322730995237, -21.789674820328003], [-41.322699039839, -21.789250723034], [-41.322611836388, -21.789216814019]]}}, {"type": "Feature", "properties": {"nome": "121M - 6F", "tipo": "cabo", "categoria": "ramal_area", "comprimento": "121", "fibras": "6", "cor_kml": "ff00fa2a", "pontos": 4}, "geometry": {"type": "LineString", "coordinates": [[-41.32336030909, -21.789569814237012], [-41.323273397825005, -21.789131056356], [-41.323295109961, -21.78907147307399], [-41.32390565881, -21.788937135574017]]}}, {"type": "Feature", "properties": {"nome": "228M - 6F", "tipo": "cabo", "categoria": "ramal_area", "comprimento": "228", "fibras": "6", "cor_kml": "ff00fa2a", "pontos": 6}, "geometry": {"type": "LineString", "coordinates": [[-41.323107509380996, -21.788407237418994], [-41.322969347534, -21.788010633767], [-41.322820313574994, -21.78722533956598], [-41.322714329779004, -21.786721561235993], [-41.322797256485, -21.786677700111994], [-41.322540442895, -21.786708276831988]]}}, {"type": "Feature", "properties": {"nome": "358M - 12F", "tipo": "cabo", "categoria": "backbone_area", "comprimento": "358", "fibras": "12", "cor_kml": "ffd6ab00", "pontos": 4}, "geometry": {"type": "LineString", "coordinates": [[-41.322358051664, -21.788167644691], [-41.322558045902, -21.789227384998995], [-41.323271323461, -21.78904927438799], [-41.323898389267995, -21.78891765861698]]}}, {"type": "Feature", "properties": {"nome": "351M - 6F", "tipo": "cabo", "categoria": "ramal_area", "comprimento": "351", "fibras": "6", "cor_kml": "ff00fa2a", "pontos": 7}, "geometry": {"type": "LineString", "coordinates": [[-41.319910164015, -21.78811219951001], [-41.320874125304, -21.78839550665998], [-41.321682044860005, -21.788654574198006], [-41.321931382866, -21.788619874689005], [-41.322231382678, -21.788564104784], [-41.322435658994, -21.788781003899985], [-41.322330733106995, -21.78816938216302]]}}, {"type": "Feature", "properties": {"nome": "186M - 6F", "tipo": "cabo", "categoria": "ramal_area", "comprimento": "186", "fibras": "6", "cor_kml": "ff00fa2a", "pontos": 4}, "geometry": {"type": "LineString", "coordinates": [[-41.323810256768, -21.788336902142007], [-41.323714992876006, -21.787930985225003], [-41.323506417889, -21.787033660876006], [-41.323438804384004, -21.786696072411004]]}}, {"type": "Feature", "properties": {"nome": "215M - 6F", "tipo": "cabo", "categoria": "ramal_area", "comprimento": "215", "fibras": "6", "cor_kml": "ff00fa2a", "pontos": 6}, "geometry": {"type": "LineString", "coordinates": [[-41.320481517625005, -21.78768645975002], [-41.321342966081, -21.787971693434017], [-41.321776137104, -21.78809911506802], [-41.321941111331, -21.788110546520997], [-41.32231225882501, -21.788037001286995], [-41.32235756485301, -21.788182450057988]]}}, {"type": "Feature", "properties": {"nome": "212M - 6F", "tipo": "cabo", "categoria": "ramal_area", "comprimento": "212", "fibras": "6", "cor_kml": "ff00fa2a", "pontos": 8}, "geometry": {"type": "LineString", "coordinates": [[-41.32325162670401, -21.791830386495988], [-41.323115069865, -21.79156320163601], [-41.323003495047, -21.791402557469], [-41.322835300061, -21.791012204175004], [-41.322666701934, -21.790663178485005], [-41.322578509618, -21.790454244846998], [-41.322439559606, -21.790204252129982], [-41.322371364573, -21.79010003696]]}}, {"type": "Feature", "properties": {"nome": "272M - 6F", "tipo": "cabo", "categoria": "ramal_area", "comprimento": "272", "fibras": "6", "cor_kml": "ff00fa2a", "pontos": 8}, "geometry": {"type": "LineString", "coordinates": [[-41.32206050072201, -21.79168016272999], [-41.32166695827501, -21.790898020849], [-41.321313245583006, -21.790255442098996], [-41.321245907426, -21.790133110655006], [-41.321276475504, -21.790033242323005], [-41.321502936367, -21.790138438002998], [-41.321827191395, -21.790128980955004], [-41.321880095327, -21.790206603984018]]}}, {"type": "Feature", "properties": {"nome": "132M - 6F", "tipo": "cabo", "categoria": "ramal_area", "comprimento": "132", "fibras": "6", "cor_kml": "ff00fa2a", "pontos": 4}, "geometry": {"type": "LineString", "coordinates": [[-41.323863781320995, -21.791894384412004], [-41.324063097343, -21.792320565379], [-41.324221965622, -21.792683226153997], [-41.324405285555, -21.792971514138003]]}}, {"type": "Feature", "properties": {"nome": "238M - 6F", "tipo": "cabo", "categoria": "ramal_area", "comprimento": "238", "fibras": "6", "cor_kml": "ff00fa2a", "pontos": 7}, "geometry": {"type": "LineString", "coordinates": [[-41.323877356782006, -21.79192180634101], [-41.323591662998, -21.791352981836], [-41.32335405196001, -21.790879834588992], [-41.323162411017, -21.79055262432898], [-41.323117089388, -21.790337410812995], [-41.32311192095799, -21.790202994569], [-41.32336880280399, -21.79007248369001]]}}, {"type": "Feature", "properties": {"nome": "245M - 6F", "tipo": "cabo", "categoria": "ramal_area", "comprimento": "245", "fibras": "6", "cor_kml": "ff00fa2a", "pontos": 4}, "geometry": {"type": "LineString", "coordinates": [[-41.322855256669, -21.792206942386002], [-41.322614510261, -21.791684527450002], [-41.322262106795, -21.790977946528002], [-41.321869558585, -21.790193725389003]]}}, {"type": "Feature", "properties": {"nome": "163M - 12F", "tipo": "cabo", "categoria": "backbone_area", "comprimento": "163", "fibras": "12", "cor_kml": "ffd6ab00", "pontos": 7}, "geometry": {"type": "LineString", "coordinates": [[-41.321869558585, -21.790193725389003], [-41.321876744884, -21.790142145953013], [-41.32198474686, -21.790073766041004], [-41.322371364573, -21.79010003696], [-41.32255058691201, -21.790154509855995], [-41.322713862427, -21.790151935219995], [-41.323358004262, -21.790076014682]]}}, {"type": "Feature", "properties": {"nome": "61M - 6F", "tipo": "cabo", "categoria": "ramal_area", "comprimento": "61", "fibras": "6", "cor_kml": "ff00fa2a", "pontos": 3}, "geometry": {"type": "LineString", "coordinates": [[-41.32336681673, -21.78956089351], [-41.32341745022, -21.789992664148983], [-41.323348676247, -21.790083293288006]]}}, {"type": "Feature", "properties": {"nome": "73M - 6F", "tipo": "cabo", "categoria": "ramal_area", "comprimento": "73", "fibras": "6", "cor_kml": "ff00fa2a", "pontos": 4}, "geometry": {"type": "LineString", "coordinates": [[-41.327253704547, -21.787083158585006], [-41.326841875905004, -21.787157172072], [-41.326614090129, -21.787221360127006], [-41.326579904379, -21.78719835671299]]}}, {"type": "Feature", "properties": {"nome": "479M - 6F", "tipo": "cabo", "categoria": "ramal_area", "comprimento": "479", "fibras": "6", "cor_kml": "ff00fa2a", "pontos": 17}, "geometry": {"type": "LineString", "coordinates": [[-41.327035329545, -21.78370537979798], [-41.326613247638, -21.78378627073201], [-41.326482819298, -21.783885952991994], [-41.326129693311, -21.783991306671], [-41.325791114669, -21.784049651803997], [-41.325258753, -21.784165600267002], [-41.324691906501, -21.784275366000003], [-41.324535135435, -21.784282223345002], [-41.324461380601, -21.784375378592998], [-41.32440878317, -21.78409669719302], [-41.324355216144, -21.783990778258996], [-41.324395622818, -21.784115336718997], [-41.324429318503, -21.784384913121002], [-41.324529614213, -21.784550825412992], [-41.32456873812399, -21.784833646676006], [-41.324554767161, -21.784948170476014], [-41.324667492010995, -21.785324201333992]]}}, {"type": "Feature", "properties": {"nome": "112M - 6F", "tipo": "cabo", "categoria": "ramal_area", "comprimento": "112", "fibras": "6", "cor_kml": "ff00fa2a", "pontos": 4}, "geometry": {"type": "LineString", "coordinates": [[-41.326172264354, -21.785831069007003], [-41.326080695935, -21.786047765877015], [-41.326299061069, -21.785998762087004], [-41.326430805391, -21.786553082661996]]}}, {"type": "Feature", "properties": {"nome": "137M - 6F", "tipo": "cabo", "categoria": "ramal_area", "comprimento": "137", "fibras": "6", "cor_kml": "ff00fa2a", "pontos": 3}, "geometry": {"type": "LineString", "coordinates": [[-41.327012476875, -21.785830171258], [-41.326315423968, -21.785987100564995], [-41.326438617419, -21.78654090459402]]}}, {"type": "Feature", "properties": {"nome": "315M - 6F", "tipo": "cabo", "categoria": "ramal_area", "comprimento": "315", "fibras": "6", "cor_kml": "ff00fa2a", "pontos": 16}, "geometry": {"type": "LineString", "coordinates": [[-41.322581861809, -21.78585005234403], [-41.322553813886, -21.785653174260986], [-41.32280869040499, -21.785531127330003], [-41.323048262466, -21.785472219170998], [-41.32312079284199, -21.78556005446501], [-41.323075398369, -21.78546036195], [-41.323232521301, -21.785405997799003], [-41.32346769624299, -21.785341729825006], [-41.323742735053, -21.785303610558017], [-41.323794733524, -21.785283479073], [-41.323859444031, -21.785484933123996], [-41.323818792522, -21.785272249667003], [-41.32412429530899, -21.785193428560007], [-41.324279497662, -21.785186353176016], [-41.324547666604005, -21.78513401926901], [-41.324666870975, -21.785311749274]]}}, {"type": "Feature", "properties": {"nome": "323M - 12F", "tipo": "cabo", "categoria": "backbone_area", "comprimento": "323", "fibras": "12", "cor_kml": "ffd6ab00", "pontos": 10}, "geometry": {"type": "LineString", "coordinates": [[-41.322537295722, -21.78669487636499], [-41.32328194610001, -21.78656720460502], [-41.323505505539, -21.786528215087003], [-41.323434044411, -21.786677832001004], [-41.323522770685, -21.786540422093992], [-41.323592850772, -21.786485203892994], [-41.324169010902, -21.786393449261], [-41.324713809157004, -21.786298844249004], [-41.324926766059995, -21.786505621632003], [-41.32498109265299, -21.786733052746996]]}}, {"type": "Feature", "properties": {"nome": "47M - 6F", "tipo": "cabo", "categoria": "ramal_area", "comprimento": "47", "fibras": "6", "cor_kml": "ff00fa2a", "pontos": 3}, "geometry": {"type": "LineString", "coordinates": [[-41.326858275019, -21.786496136950007], [-41.326449418526, -21.786569487376], [-41.326433876331, -21.786544409209]]}}, {"type": "Feature", "properties": {"nome": "272M - 6F", "tipo": "cabo", "categoria": "ramal_area", "comprimento": "272", "fibras": "6", "cor_kml": "ff00fa2a", "pontos": 6}, "geometry": {"type": "LineString", "coordinates": [[-41.32502097194799, -21.789858044349984], [-41.324065568164, -21.78999210996099], [-41.324386061232, -21.789905307341016], [-41.32428623125, -21.78946217007301], [-41.324143562402, -21.788903810806005], [-41.32390911228901, -21.788918038473994]]}}, {"type": "Feature", "properties": {"nome": "279M - 6F", "tipo": "cabo", "categoria": "ramal_area", "comprimento": "279", "fibras": "6", "cor_kml": "ff00fa2a", "pontos": 6}, "geometry": {"type": "LineString", "coordinates": [[-41.326385279449, -21.789597386260994], [-41.326285380421, -21.789140866454005], [-41.326157495474, -21.78856113239], [-41.326694539378, -21.788426413766004], [-41.326890231863, -21.78858045594201], [-41.326723410724, -21.787890861986]]}}, {"type": "Feature", "properties": {"nome": "172M - 6F", "tipo": "cabo", "categoria": "ramal_area", "comprimento": "172", "fibras": "6", "cor_kml": "ff00fa2a", "pontos": 3}, "geometry": {"type": "LineString", "coordinates": [[-41.325341375523, -21.788249051076008], [-41.325166870991, -21.787524019019997], [-41.32498109265299, -21.786733052746996]]}}, {"type": "Feature", "properties": {"nome": "155M - 6F", "tipo": "cabo", "categoria": "ramal_area", "comprimento": "155", "fibras": "6", "cor_kml": "ff00fa2a", "pontos": 5}, "geometry": {"type": "LineString", "coordinates": [[-41.325584666734, -21.789356120085984], [-41.32542973841, -21.788768855844012], [-41.325487306556, -21.788651727536006], [-41.324800160680994, -21.788783079884], [-41.323898389267995, -21.78891765861698]]}}, {"type": "Feature", "properties": {"nome": "236M - 6F", "tipo": "cabo", "categoria": "ramal_area", "comprimento": "236", "fibras": "6", "cor_kml": "ff00fa2a", "pontos": 6}, "geometry": {"type": "LineString", "coordinates": [[-41.324769582983, -21.788175612733994], [-41.32449753081, -21.78822911923301], [-41.324383091231, -21.787675036541003], [-41.324269119179, -21.78701901317102], [-41.324134960483, -21.786482490154995], [-41.324169010902, -21.786393449261]]}}, {"type": "Feature", "properties": {"nome": "310M - 12F", "tipo": "cabo", "categoria": "backbone_area", "comprimento": "310", "fibras": "12", "cor_kml": "ffd6ab00", "pontos": 7}, "geometry": {"type": "LineString", "coordinates": [[-41.325842634838, -21.787215659297004], [-41.326004137732, -21.787868051025995], [-41.326586562014, -21.787778596454004], [-41.32673068177, -21.78790731210401], [-41.326611501952, -21.787363799413995], [-41.326576452474995, -21.787190839755993], [-41.326433876331, -21.786544409209]]}}, {"type": "Feature", "properties": {"nome": "155M - 6F", "tipo": "cabo", "categoria": "ramal_area", "comprimento": "155", "fibras": "6", "cor_kml": "ff00fa2a", "pontos": 5}, "geometry": {"type": "LineString", "coordinates": [[-41.325280864748, -21.786170698918], [-41.325485011553994, -21.786182111866978], [-41.32563581150201, -21.786172402169996], [-41.32570847135499, -21.78653813525598], [-41.325847002599, -21.787225926367014]]}}, {"type": "Feature", "properties": {"nome": "622M - 6F", "tipo": "cabo", "categoria": "ramal_area", "comprimento": "622", "fibras": "6", "cor_kml": "ff00fa2a", "pontos": 9}, "geometry": {"type": "LineString", "coordinates": [[-41.323551024729994, -21.793616098428004], [-41.324227416797, -21.794929905841997], [-41.32449865894, -21.795479318933005], [-41.324641113218, -21.795764069518995], [-41.324946885045, -21.795627093785995], [-41.325078313287, -21.795592227214996], [-41.325421206484, -21.796217314557992], [-41.324720270638, -21.794690216283], [-41.324601824286, -21.794563756654995]]}}, {"type": "Feature", "properties": {"nome": "376M - 6F", "tipo": "cabo", "categoria": "ramal_area", "comprimento": "376", "fibras": "6", "cor_kml": "ff00fa2a", "pontos": 7}, "geometry": {"type": "LineString", "coordinates": [[-41.324393620216, -21.792938915739995], [-41.324773015264, -21.793695839913], [-41.325009025899995, -21.794212314191995], [-41.325126358348, -21.794440321775994], [-41.325202230255, -21.794598746036996], [-41.325630142775, -21.795425264917995], [-41.325896465777994, -21.796030139417]]}}, {"type": "Feature", "properties": {"nome": "338M - 6F", "tipo": "cabo", "categoria": "ramal_area", "comprimento": "338", "fibras": "6", "cor_kml": "ff00fa2a", "pontos": 6}, "geometry": {"type": "LineString", "coordinates": [[-41.32509062024099, -21.79290404989898], [-41.325244520249, -21.793395987565987], [-41.325440436863, -21.793760314931006], [-41.325752715837, -21.794407301584002], [-41.32605653490099, -21.795039028239003], [-41.326335295845, -21.795723865710002]]}}, {"type": "Feature", "properties": {"nome": "146M - 6F", "tipo": "cabo", "categoria": "ramal_area", "comprimento": "146", "fibras": "6", "cor_kml": "ff00fa2a", "pontos": 4}, "geometry": {"type": "LineString", "coordinates": [[-41.324605819974, -21.794583085102985], [-41.32442189448701, -21.794271057332978], [-41.32426822115599, -21.79387678277], [-41.324025622197, -21.793384996214]]}}, {"type": "Feature", "properties": {"nome": "610M - 12F", "tipo": "cabo", "categoria": "backbone_area", "comprimento": "610", "fibras": "12", "cor_kml": "ffd6ab00", "pontos": 10}, "geometry": {"type": "LineString", "coordinates": [[-41.324605087978, -21.794570889062], [-41.324401949435995, -21.794135506320004], [-41.324837758877, -21.793957043451996], [-41.325208407240005, -21.794617589455], [-41.325595979627, -21.795226127704012], [-41.32605653490099, -21.795039028239003], [-41.32574705377401, -21.794403326267002], [-41.32542952978599, -21.793678207521992], [-41.325761983547, -21.79350880886099], [-41.326105436951, -21.794134866980997]]}}, {"type": "Feature", "properties": {"nome": "554M - 6F", "tipo": "cabo", "categoria": "ramal_area", "comprimento": "554", "fibras": "6", "cor_kml": "ff00fa2a", "pontos": 7}, "geometry": {"type": "LineString", "coordinates": [[-41.325936057882, -21.792583633340996], [-41.32629071790401, -21.793300633255015], [-41.325832944666, -21.793487271527994], [-41.325461381381, -21.792790845005015], [-41.325449339407, -21.792768274499977], [-41.326113224267, -21.794139577223007], [-41.32676188764, -21.795439543390003]]}}, {"type": "Feature", "properties": {"nome": "226M - 6F", "tipo": "cabo", "categoria": "ramal_area", "comprimento": "226", "fibras": "6", "cor_kml": "ff00fa2a", "pontos": 5}, "geometry": {"type": "LineString", "coordinates": [[-41.324460141235, -21.791660202574008], [-41.32397660577501, -21.790752537182996], [-41.323846006512, -21.790458581129997], [-41.323625599978, -21.79004484030098], [-41.32336373139, -21.790084654045003]]}}, {"type": "Feature", "properties": {"nome": "FIBRA AS MINI RAR -R2 6", "tipo": "cabo", "categoria": "ramal_mini", "comprimento": "", "fibras": "", "cor_kml": "ff00ffff", "pontos": 6}, "geometry": {"type": "LineString", "coordinates": [[-41.327667132537, -21.764718904647992], [-41.32767736305299, -21.76483050420002], [-41.327546433131, -21.764880819941993], [-41.327519611041, -21.764823526859004], [-41.327498153368, -21.764763742746993], [-41.32747401348801, -21.764706449616995]]}}, {"type": "Feature", "properties": {"nome": "FIBRA AS MINI RAR -R12 3", "tipo": "cabo", "categoria": "ramal_mini", "comprimento": "", "fibras": "", "cor_kml": "ffffff00", "pontos": 4}, "geometry": {"type": "LineString", "coordinates": [[-41.327318273049, -21.764846051511], [-41.327278212229, -21.76474630570999], [-41.327624217192, -21.76461428235899], [-41.327667132537, -21.764718904647992]]}}, {"type": "Feature", "properties": {"nome": "FIBRA AS MINI RAR -R3 4", "tipo": "cabo", "categoria": "ramal_mini", "comprimento": "", "fibras": "", "cor_kml": "ffffffff", "pontos": 6}, "geometry": {"type": "LineString", "coordinates": [[-41.327667132537, -21.764718904647992], [-41.327725572393, -21.76481353608702], [-41.327870980421, -21.764753778726003], [-41.32784952274899, -21.764698976597998], [-41.327825382868, -21.764641683441994], [-41.327801242987, -21.764581899255006]]}}, {"type": "Feature", "properties": {"nome": "FIBRA AS MINI RAR -R1", "tipo": "cabo", "categoria": "ramal_mini", "comprimento": "", "fibras": "", "cor_kml": "ff00ff00", "pontos": 5}, "geometry": {"type": "LineString", "coordinates": [[-41.329464462177, -21.760004946845], [-41.329632590174, -21.75992858810102], [-41.329713056444, -21.759913641566], [-41.329806933758995, -21.75987876631102], [-41.329892764448, -21.759853855409006]]}}, {"type": "Feature", "properties": {"nome": "FIBRA AS MINI RAR -R1 1", "tipo": "cabo", "categoria": "ramal_mini", "comprimento": "", "fibras": "", "cor_kml": "ff00ff00", "pontos": 4}, "geometry": {"type": "LineString", "coordinates": [[-41.326837300224, -21.75510165953598], [-41.327451526089, -21.754902365571], [-41.327494441433, -21.754795244950003], [-41.327282546921, -21.754252167082996]]}}, {"type": "Feature", "properties": {"nome": "FIBRA AS MINI RAR -R2 5", "tipo": "cabo", "categoria": "ramal_mini", "comprimento": "", "fibras": "", "cor_kml": "ff00ffff", "pontos": 9}, "geometry": {"type": "LineString", "coordinates": [[-41.326837300224, -21.75510165953598], [-41.327550802751, -21.754881757548006], [-41.32772365625701, -21.755391063908007], [-41.32782230077, -21.755357704466988], [-41.327858674355, -21.755441661858995], [-41.328022063986, -21.755376103952997], [-41.32816213492, -21.755337352477994], [-41.32829624537, -21.755298600916007], [-41.32843333598, -21.755257081444995]]}}, {"type": "Feature", "properties": {"nome": "FIBRA AS MINI RAR -R4 1", "tipo": "cabo", "categoria": "ramal_mini", "comprimento": "", "fibras": "", "cor_kml": "ffff0000", "pontos": 2}, "geometry": {"type": "LineString", "coordinates": [[-41.328792005967, -21.769570539255994], [-41.328722807108, -21.769855808705998]]}}, {"type": "Feature", "properties": {"nome": "166M - 6F", "tipo": "cabo", "categoria": "ramal_area", "comprimento": "166", "fibras": "6", "cor_kml": "ff00fa2a", "pontos": 6}, "geometry": {"type": "LineString", "coordinates": [[-41.327109581321, -21.769231698585003], [-41.327009504174, -21.769291543975], [-41.326824204163, -21.768836557629996], [-41.32678986281599, -21.76875223552598], [-41.326919984571994, -21.768762932426995], [-41.32760726651501, -21.768511421156006]]}}, {"type": "Feature", "properties": {"nome": "416M - 6F", "tipo": "cabo", "categoria": "ramal_area", "comprimento": "416", "fibras": "6", "cor_kml": "ff00fa2a", "pontos": 15}, "geometry": {"type": "LineString", "coordinates": [[-41.326137709126, -21.766873089361], [-41.326157330686996, -21.767121620107005], [-41.326272925091, -21.767399215203994], [-41.326396270702, -21.767714264215996], [-41.326520844323, -21.768058875221016], [-41.326697101363, -21.768478158717002], [-41.326730317433, -21.768330860518006], [-41.32709602413, -21.768251398711996], [-41.32673969036699, -21.76835182582998], [-41.326710645687, -21.768499248415992], [-41.32681356398701, -21.76875372055801], [-41.326928354661, -21.768739089663], [-41.327265290499, -21.768634456811], [-41.327407660129005, -21.768579716811985], [-41.32761412884201, -21.768499305994013]]}}, {"type": "Feature", "properties": {"nome": "315M - 12F", "tipo": "cabo", "categoria": "backbone_area", "comprimento": "315", "fibras": "12", "cor_kml": "ffd6ab00", "pontos": 11}, "geometry": {"type": "LineString", "coordinates": [[-41.327596965511, -21.768503572562977], [-41.32807966073099, -21.768349688987], [-41.328268541428, -21.768328274482997], [-41.32856665232501, -21.768196353688992], [-41.328374147177, -21.768005792056996], [-41.328279821831, -21.76765761698701], [-41.328392159575, -21.767999007612005], [-41.328577690102, -21.768187301306], [-41.32863899144599, -21.76818730106899], [-41.328886284016, -21.768088505956996], [-41.3292349129, -21.767978733963005]]}}, {"type": "Feature", "properties": {"nome": "185M - 6F", "tipo": "cabo", "categoria": "ramal_area", "comprimento": "185", "fibras": "6", "cor_kml": "ff00fa2a", "pontos": 3}, "geometry": {"type": "LineString", "coordinates": [[-41.327870602483, -21.766186799489006], [-41.328099588362, -21.767074206350003], [-41.328290040468, -21.767689075925006]]}}, {"type": "Feature", "properties": {"nome": "197M - 6F", "tipo": "cabo", "categoria": "ramal_area", "comprimento": "197", "fibras": "6", "cor_kml": "ff00fa2a", "pontos": 7}, "geometry": {"type": "LineString", "coordinates": [[-41.327420454487, -21.767842676044012], [-41.326659473438994, -21.768094528998006], [-41.326594016241, -21.768080590552998], [-41.32652776568201, -21.76804777474601], [-41.326693157148, -21.768435934893006], [-41.326722543994, -21.768312689441004], [-41.327092501411, -21.768247557287978]]}}, {"type": "Feature", "properties": {"nome": "FIBRA AS MINI RAR -R1 5", "tipo": "cabo", "categoria": "ramal_mini", "comprimento": "", "fibras": "", "cor_kml": "ff00ff00", "pontos": 4}, "geometry": {"type": "LineString", "coordinates": [[-41.327318273049, -21.764846051511], [-41.327669575144, -21.76558014307099], [-41.32777352894, -21.765817111565994], [-41.327870602483, -21.766186799489006]]}}, {"type": "Feature", "properties": {"nome": "566M - 6F", "tipo": "cabo", "categoria": "ramal_area", "comprimento": "566", "fibras": "6", "cor_kml": "ff00fa2a", "pontos": 11}, "geometry": {"type": "LineString", "coordinates": [[-41.3271692988, -21.77491599062199], [-41.327263153421, -21.775007985635], [-41.32765852093, -21.774874349035997], [-41.328285984781, -21.774651098622996], [-41.32891814989699, -21.77442711398001], [-41.329114819386, -21.774399536858], [-41.329452650327, -21.775158548489998], [-41.32933109219, -21.77523949215299], [-41.328952283739, -21.775364294184996], [-41.32786177546599, -21.77574459203001], [-41.32712150429, -21.776112644696]]}}, {"type": "Feature", "properties": {"nome": "534M - 12F", "tipo": "cabo", "categoria": "backbone_area", "comprimento": "534", "fibras": "12", "cor_kml": "ffd6ab00", "pontos": 12}, "geometry": {"type": "LineString", "coordinates": [[-41.32791937815699, -21.773853747331003], [-41.327482311945, -21.774043644122997], [-41.327043149888, -21.774254611781984], [-41.326908134621, -21.774281408725003], [-41.326517116031, -21.774436558825002], [-41.325986523343, -21.774623269325005], [-41.32609247027499, -21.774436767189002], [-41.32590941514499, -21.77385466983401], [-41.326057752385, -21.774443739212003], [-41.325971275209, -21.774590140271002], [-41.325760832236, -21.774697873899], [-41.324523841614, -21.775202970430996]]}}, {"type": "Feature", "properties": {"nome": "97M - 6F", "tipo": "cabo", "categoria": "ramal_area", "comprimento": "97", "fibras": "6", "cor_kml": "ff00fa2a", "pontos": 2}, "geometry": {"type": "LineString", "coordinates": [[-41.32850324397, -21.77274755743302], [-41.32816012597, -21.771932098882004]]}}, {"type": "Feature", "properties": {"nome": "274M - 6F", "tipo": "cabo", "categoria": "ramal_area", "comprimento": "274", "fibras": "6", "cor_kml": "ff00fa2a", "pontos": 7}, "geometry": {"type": "LineString", "coordinates": [[-41.327760328234, -21.772882711967], [-41.32693085593499, -21.773202070972005], [-41.326822346948, -21.773304856723], [-41.326927472861, -21.773683797954988], [-41.327023906392995, -21.774234303675996], [-41.326912146219, -21.774254465066008], [-41.326483742699, -21.774429933592003]]}}, {"type": "Feature", "properties": {"nome": "FIBRA 6F 222", "tipo": "cabo", "categoria": "ramal_6f", "comprimento": "", "fibras": "", "cor_kml": "ff00fa2a", "pontos": 3}, "geometry": {"type": "LineString", "coordinates": [[-41.328835606514, -21.771678179008006], [-41.32913809900699, -21.772451299658016], [-41.3292995081, -21.772398883175995]]}}, {"type": "Feature", "properties": {"nome": "144M - 6F", "tipo": "cabo", "categoria": "ramal_area", "comprimento": "144", "fibras": "6", "cor_kml": "ff00fa2a", "pontos": 2}, "geometry": {"type": "LineString", "coordinates": [[-41.326205484352, -21.772432814531996], [-41.32751718115, -21.771986925676003]]}}, {"type": "Feature", "properties": {"nome": "357M - 6F", "tipo": "cabo", "categoria": "ramal_area", "comprimento": "357", "fibras": "6", "cor_kml": "ff00fa2a", "pontos": 13}, "geometry": {"type": "LineString", "coordinates": [[-41.32815579384, -21.771954018849], [-41.32801921974501, -21.771669804536998], [-41.327788753573, -21.771200605529003], [-41.327633610855, -21.770730308533018], [-41.32754337884, -21.770642880180006], [-41.327522393752, -21.77042088019998], [-41.327408050876, -21.770109456496996], [-41.327442476443, -21.769982534948], [-41.327395644774, -21.770094045823996], [-41.327265941537, -21.769878601320002], [-41.32710628495901, -21.76950312563301], [-41.32702100382199, -21.769299991660006], [-41.327103074725, -21.769223633748993]]}}, {"type": "Feature", "properties": {"nome": "55M - 6FO", "tipo": "cabo", "categoria": "ramal_area", "comprimento": "55", "fibras": "6", "cor_kml": "ff00ff00", "pontos": 3}, "geometry": {"type": "LineString", "coordinates": [[-41.331500839287, -21.763999365280995], [-41.331732023766, -21.764350615126006], [-41.33186076979901, -21.764318231961994]]}}, {"type": "Feature", "properties": {"nome": "FIBRA AS MINI RAR -R12 4", "tipo": "cabo", "categoria": "ramal_mini", "comprimento": "", "fibras": "", "cor_kml": "ffffff00", "pontos": 6}, "geometry": {"type": "LineString", "coordinates": [[-41.331500839287, -21.763999365280995], [-41.331742752602, -21.764333178038996], [-41.332566190769, -21.764076603506993], [-41.332359660675, -21.763767717055998], [-41.332412919309, -21.763740847011007], [-41.3326097065, -21.763665540570003]]}}, {"type": "Feature", "properties": {"nome": "737M - 6F", "tipo": "cabo", "categoria": "ramal_area", "comprimento": "737", "fibras": "6", "cor_kml": "ff00fa2a", "pontos": 19}, "geometry": {"type": "LineString", "coordinates": [[-41.348506959339, -21.755772700105], [-41.34824702170399, -21.756206423671003], [-41.347868532282, -21.756414019686005], [-41.347390950118, -21.757046246052], [-41.34774278218501, -21.756551766966], [-41.347839523376, -21.756408698675997], [-41.347656313564, -21.755955027794997], [-41.347569386451, -21.75581283546002], [-41.347498827323, -21.755838089728], [-41.347078089625, -21.756452261319993], [-41.347479875385, -21.755826988607012], [-41.347552411761, -21.755783219790004], [-41.347412459473, -21.755600996634], [-41.347111394983, -21.755318472873], [-41.347016404197, -21.755336773829995], [-41.346481057607, -21.756094068216996], [-41.346997389957, -21.755319200521], [-41.347091435271, -21.755292134515997], [-41.346257919586, -21.75464810503199]]}}, {"type": "Feature", "properties": {"nome": "507M - 6F", "tipo": "cabo", "categoria": "ramal_area", "comprimento": "507", "fibras": "6", "cor_kml": "ff00fa2a", "pontos": 10}, "geometry": {"type": "LineString", "coordinates": [[-41.342750663519006, -21.753109054267014], [-41.342362879571, -21.753656172270993], [-41.342310571451996, -21.75382289962998], [-41.342943499948, -21.753871790334003], [-41.34380863286399, -21.753859797378993], [-41.34433436871001, -21.753831660367], [-41.344996874336, -21.753896431419008], [-41.345215268048, -21.75397851691102], [-41.345334158934, -21.754081417628], [-41.344953820218, -21.75464743733302]]}}, {"type": "Feature", "properties": {"nome": "194M - 6F", "tipo": "cabo", "categoria": "ramal_area", "comprimento": "194", "fibras": "6", "cor_kml": "ff00fa2a", "pontos": 4}, "geometry": {"type": "LineString", "coordinates": [[-41.346280038135, -21.754651620285998], [-41.345760118492, -21.754276183741993], [-41.345383762857, -21.754058822201003], [-41.344954684375, -21.754661501781]]}}, {"type": "Feature", "properties": {"nome": "152M - 6F", "tipo": "cabo", "categoria": "ramal_area", "comprimento": "152", "fibras": "6", "cor_kml": "ff00fa2a", "pontos": 4}, "geometry": {"type": "LineString", "coordinates": [[-41.346270810508, -21.754645457411996], [-41.346555275179, -21.75486112931], [-41.346460133121, -21.754911282799], [-41.345936303732, -21.755696146138988]]}}, {"type": "Feature", "properties": {"nome": "121M - 6F", "tipo": "cabo", "categoria": "ramal_area", "comprimento": "121", "fibras": "6", "cor_kml": "ff00fa2a", "pontos": 5}, "geometry": {"type": "LineString", "coordinates": [[-41.34551255423799, -21.755028383531993], [-41.345523373098, -21.755034624494996], [-41.34593979305, -21.754447918219995], [-41.345993517179, -21.754452764591022], [-41.34626845245399, -21.754651276643003]]}}, {"type": "Feature", "properties": {"nome": "184M - 6F", "tipo": "cabo", "categoria": "ramal_area", "comprimento": "184", "fibras": "6", "cor_kml": "ff00fa2a", "pontos": 6}, "geometry": {"type": "LineString", "coordinates": [[-41.330439414852, -21.769195023255023], [-41.330366709678, -21.769211498993997], [-41.330321133232, -21.769123564929004], [-41.329863936837, -21.769242332564005], [-41.329185339631, -21.76946053537901], [-41.328792005967, -21.769570539255994]]}}, {"type": "Feature", "properties": {"nome": "280M - 6F", "tipo": "cabo", "categoria": "ramal_area", "comprimento": "280", "fibras": "6", "cor_kml": "ff00fa2a", "pontos": 8}, "geometry": {"type": "LineString", "coordinates": [[-41.329459213223004, -21.76602758756802], [-41.329581062783994, -21.766296649205003], [-41.329674879671, -21.766647824248977], [-41.329899924728, -21.767342752237994], [-41.330007812259, -21.767656020009014], [-41.329961627050004, -21.767740419492995], [-41.329790172955995, -21.767815946612004], [-41.329230980871, -21.767981373321987]]}}, {"type": "Feature", "properties": {"nome": "FIBRA AS MINI RAR -R12 1", "tipo": "cabo", "categoria": "ramal_mini", "comprimento": "", "fibras": "", "cor_kml": "ffffff00", "pontos": 7}, "geometry": {"type": "LineString", "coordinates": [[-41.35020882469, -21.767397346064], [-41.350640460673, -21.766666436552], [-41.350414495654, -21.766536499284], [-41.350397356702, -21.766583784156012], [-41.349740583824, -21.767689331738012], [-41.349314477187, -21.767616032920003], [-41.349258150798, -21.767842709704993]]}}, {"type": "Feature", "properties": {"nome": "67M - 6FO", "tipo": "cabo", "categoria": "ramal_area", "comprimento": "67", "fibras": "6", "cor_kml": "ff000000", "pontos": 2}, "geometry": {"type": "LineString", "coordinates": [[-41.350798654996, -21.76770561182998], [-41.35020882469, -21.767397346064]]}}, {"type": "Feature", "properties": {"nome": "317M - 6FO", "tipo": "cabo", "categoria": "ramal_area", "comprimento": "317", "fibras": "6", "cor_kml": "ffff00ff", "pontos": 5}, "geometry": {"type": "LineString", "coordinates": [[-41.350018777891, -21.765597776145], [-41.349420016268, -21.76529042125098], [-41.34899958686301, -21.765679264677985], [-41.348946645278, -21.765771805870003], [-41.350414495654, -21.766536499284]]}}, {"type": "Feature", "properties": {"nome": "131M - 6FO", "tipo": "cabo", "categoria": "ramal_area", "comprimento": "131", "fibras": "6", "cor_kml": "ff00ff00", "pontos": 3}, "geometry": {"type": "LineString", "coordinates": [[-41.350755062566, -21.764759536588997], [-41.350257797225005, -21.765600373867002], [-41.350024136625, -21.76559905672299]]}}, {"type": "Feature", "properties": {"nome": "132M - 6F", "tipo": "cabo", "categoria": "ramal_area", "comprimento": "132", "fibras": "6", "cor_kml": "ff00fa2a", "pontos": 4}, "geometry": {"type": "LineString", "coordinates": [[-41.329004960422, -21.767334854284996], [-41.32968843444999, -21.767094771528022], [-41.329759124613, -21.766972207402986], [-41.330007812259, -21.767656020009014]]}}, {"type": "Feature", "properties": {"nome": "165M - 6F", "tipo": "cabo", "categoria": "ramal_area", "comprimento": "165", "fibras": "6", "cor_kml": "ff00fa2a", "pontos": 6}, "geometry": {"type": "LineString", "coordinates": [[-41.329221625515, -21.776159588035995], [-41.329589088151, -21.77602757518801], [-41.329718616366, -21.775925783233987], [-41.329938211411, -21.776477778141995], [-41.330120854289, -21.776913301212005], [-41.330535914476, -21.776797528966995]]}}, {"type": "Feature", "properties": {"nome": "230M - 6F", "tipo": "cabo", "categoria": "ramal_area", "comprimento": "230", "fibras": "6", "cor_kml": "ff00fa2a", "pontos": 6}, "geometry": {"type": "LineString", "coordinates": [[-41.329412417192, -21.77498917231101], [-41.329487187555, -21.775187206314], [-41.32994910823099, -21.775009777617], [-41.331589702623, -21.774420236352995], [-41.33192505846299, -21.774313332687], [-41.331982763442, -21.774229699198997]]}}, {"type": "Feature", "properties": {"nome": "171M - 6F", "tipo": "cabo", "categoria": "ramal_area", "comprimento": "171", "fibras": "6", "cor_kml": "ff00fa2a", "pontos": 3}, "geometry": {"type": "LineString", "coordinates": [[-41.331648999938, -21.773202564854984], [-41.331435891857, -21.772518482926003], [-41.331207116916, -21.77171421191599]]}}, {"type": "Feature", "properties": {"nome": "379M - 6F (extens\u00e3o de rompimento)", "tipo": "cabo", "categoria": "ramal_area", "comprimento": "379", "fibras": "6", "cor_kml": "ff00fa2a", "pontos": 5}, "geometry": {"type": "LineString", "coordinates": [[-41.32898293226, -21.774000323676006], [-41.328821352585, -21.77353130616099], [-41.328683671441, -21.773508331751998], [-41.329199029286, -21.773335920313997], [-41.33074273593199, -21.77276689328201]]}}, {"type": "Feature", "properties": {"nome": "FIBRA AS MINI RAR -R3 2", "tipo": "cabo", "categoria": "ramal_mini", "comprimento": "", "fibras": "", "cor_kml": "ffffffff", "pontos": 5}, "geometry": {"type": "LineString", "coordinates": [[-41.331589702623, -21.774420236352995], [-41.331267340715, -21.774508129856997], [-41.331286116179, -21.774448349780997], [-41.331260630507, -21.774363659071], [-41.331181717862, -21.774071663]]}}, {"type": "Feature", "properties": {"nome": "595M - 12F", "tipo": "cabo", "categoria": "backbone_area", "comprimento": "595", "fibras": "12", "cor_kml": "ffd6ab00", "pontos": 16}, "geometry": {"type": "LineString", "coordinates": [[-41.328172127272005, -21.771948864688], [-41.32804738440701, -21.771681166937995], [-41.328150256139, -21.771756066381002], [-41.328527714022, -21.771706835915992], [-41.328835606514, -21.771678179008006], [-41.328834453709, -21.771609964647], [-41.329256786147, -21.771464620054005], [-41.329475596354, -21.771485812521007], [-41.32929547497499, -21.771392088738992], [-41.329867276687, -21.771262750663], [-41.33010520713601, -21.771268478948016], [-41.330153128934, -21.771171539904003], [-41.330914572968, -21.770941096011], [-41.330888938948, -21.770730472226006], [-41.330663626451, -21.769961001016995], [-41.330439414852, -21.769195023255023]]}}, {"type": "Feature", "properties": {"nome": "95M - 6F", "tipo": "cabo", "categoria": "ramal_area", "comprimento": "95", "fibras": "6", "cor_kml": "ff00fa2a", "pontos": 2}, "geometry": {"type": "LineString", "coordinates": [[-41.331217584093, -21.771736155209], [-41.330911954968, -21.770932113282]]}}, {"type": "Feature", "properties": {"nome": "395M - 12FO", "tipo": "cabo", "categoria": "backbone_area", "comprimento": "395", "fibras": "12", "cor_kml": "ffffff00", "pontos": 8}, "geometry": {"type": "LineString", "coordinates": [[-41.359339614207, -21.757814548743], [-41.35821632592099, -21.75682039483], [-41.357611805753, -21.756272013732982], [-41.357563714027, -21.756285744436013], [-41.357150156428, -21.75667493375201], [-41.35717236993699, -21.756726216184006], [-41.357704244125, -21.757196164598], [-41.358904295598, -21.758269572442998]]}}, {"type": "Feature", "properties": {"nome": "164M - 6FO", "tipo": "cabo", "categoria": "ramal_area", "comprimento": "164", "fibras": "6", "cor_kml": "ffff0000", "pontos": 6}, "geometry": {"type": "LineString", "coordinates": [[-41.357624649262995, -21.75807770422699], [-41.357240536123, -21.757727373164002], [-41.357223545215, -21.757626592690002], [-41.357591543855, -21.757270094142], [-41.357539512675, -21.757080431429003], [-41.35768485762701, -21.757210521838005]]}}, {"type": "Feature", "properties": {"nome": "237M - 6FO", "tipo": "cabo", "categoria": "ramal_area", "comprimento": "237", "fibras": "6", "cor_kml": "ffffffff", "pontos": 6}, "geometry": {"type": "LineString", "coordinates": [[-41.356650259923995, -21.75530133155398], [-41.356734502075, -21.755462096396016], [-41.356981141484, -21.75578025431399], [-41.357173655001, -21.755912443279996], [-41.357615930532006, -21.756245618226004], [-41.35824389309099, -21.75681232156701]]}}, {"type": "Feature", "properties": {"nome": "484M - 6FO", "tipo": "cabo", "categoria": "ramal_area", "comprimento": "484", "fibras": "6", "cor_kml": "ff00ff00", "pontos": 16}, "geometry": {"type": "LineString", "coordinates": [[-41.35286749594199, -21.753659218471995], [-41.353238658158, -21.753605182220014], [-41.353435273223, -21.753646178004004], [-41.35360781304401, -21.75371139770901], [-41.35384856692501, -21.753858607236992], [-41.354022663925, -21.754042070943], [-41.354246886679, -21.754484918971002], [-41.354379302270004, -21.75470107366199], [-41.354570453949, -21.754947196548983], [-41.354734071005, -21.755149580923003], [-41.354925479007, -21.755341296175004], [-41.355154016421, -21.755494437541003], [-41.355420346062, -21.755392014795007], [-41.355645176185, -21.755244365420992], [-41.355599608026, -21.75501651175101], [-41.35520303085, -21.754594374373013]]}}, {"type": "Feature", "properties": {"nome": "185M - 6FO", "tipo": "cabo", "categoria": "ramal_area", "comprimento": "185", "fibras": "6", "cor_kml": "ffff0080", "pontos": 6}, "geometry": {"type": "LineString", "coordinates": [[-41.355714918666, -21.754085559529003], [-41.355921784305, -21.754329394758997], [-41.356161457143, -21.754518345292], [-41.356479865221, -21.754570086279003], [-41.356660497519, -21.754890142758015], [-41.35665356139, -21.755297230260993]]}}, {"type": "Feature", "properties": {"nome": "363M - 6FO", "tipo": "cabo", "categoria": "ramal_area", "comprimento": "363", "fibras": "6", "cor_kml": "ff00ffff", "pontos": 13}, "geometry": {"type": "LineString", "coordinates": [[-41.352541852497, -21.753025726974002], [-41.352910074605, -21.752944979974004], [-41.353247277513, -21.75293631984202], [-41.353537923305, -21.752962091306998], [-41.353707388842, -21.75300254299698], [-41.353985534814, -21.753123609569002], [-41.35421823064999, -21.753261359614], [-41.354430359223, -21.753447392997018], [-41.354619587079, -21.753661143494], [-41.354744886701, -21.753867768473995], [-41.35483137742399, -21.754070654348], [-41.354985451868, -21.754336642778014], [-41.355185186911, -21.754593937219]]}}, {"type": "Feature", "properties": {"nome": "260M - 12FO", "tipo": "cabo", "categoria": "backbone_area", "comprimento": "260", "fibras": "12", "cor_kml": "ffffff00", "pontos": 9}, "geometry": {"type": "LineString", "coordinates": [[-41.355192461306, -21.75457694183902], [-41.3549987979, -21.754321378298997], [-41.35484948643, -21.754064347306993], [-41.354880439768, -21.753982051559007], [-41.355153787043996, -21.753837027694004], [-41.355189392552006, -21.75345957128701], [-41.355035307517, -21.75317579436502], [-41.354796024541, -21.752909794139], [-41.35455179641001, -21.752690609388992]]}}, {"type": "Feature", "properties": {"nome": "120M - 6FO", "tipo": "cabo", "categoria": "ramal_area", "comprimento": "120", "fibras": "6", "cor_kml": "ff00ffff", "pontos": 2}, "geometry": {"type": "LineString", "coordinates": [[-41.351521791140996, -21.76479887544899], [-41.350941711162, -21.765732612014034]]}}, {"type": "Feature", "properties": {"nome": "575M - 6FO", "tipo": "cabo", "categoria": "ramal_area", "comprimento": "575", "fibras": "6", "cor_kml": "ffffffff", "pontos": 8}, "geometry": {"type": "LineString", "coordinates": [[-41.358942741784, -21.761182014523], [-41.357863816974, -21.760210194032993], [-41.356814368168, -21.759276784470003], [-41.356195206823, -21.75871043429501], [-41.356187822383, -21.75863268442299], [-41.356687671356, -21.758141419848016], [-41.356716960386, -21.758235387648995], [-41.357308459033, -21.75878026163599]]}}, {"type": "Feature", "properties": {"nome": "370M - 6FO", "tipo": "cabo", "categoria": "ramal_area", "comprimento": "370", "fibras": "6", "cor_kml": "ff00ffff", "pontos": 3}, "geometry": {"type": "LineString", "coordinates": [[-41.357323451407, -21.758763599258003], [-41.358698414697, -21.759989838905], [-41.35990643132601, -21.761073503863997]]}}, {"type": "Feature", "properties": {"nome": "390M - 12FO", "tipo": "cabo", "categoria": "backbone_area", "comprimento": "390", "fibras": "12", "cor_kml": "ffffff00", "pontos": 7}, "geometry": {"type": "LineString", "coordinates": [[-41.357333316886, -21.758762787267997], [-41.356730479818, -21.758225306729003], [-41.356703540603, -21.758131114989027], [-41.357195806912, -21.757643962624], [-41.357202132712, -21.757724651559997], [-41.35760886209099, -21.758099157700997], [-41.358664536549995, -21.759035321393]]}}, {"type": "Feature", "properties": {"nome": "255M - 6FO", "tipo": "cabo", "categoria": "ramal_area", "comprimento": "255", "fibras": "6", "cor_kml": "ff404080", "pontos": 7}, "geometry": {"type": "LineString", "coordinates": [[-41.354390887431, -21.766525203968982], [-41.354032803876, -21.767121930697996], [-41.353901333900005, -21.767326348009007], [-41.353702414067, -21.767536939674002], [-41.353119245307, -21.76723022244198], [-41.353231995334, -21.767125296442018], [-41.35340836915301, -21.766842597110013]]}}, {"type": "Feature", "properties": {"nome": "1137M - 12FO", "tipo": "cabo", "categoria": "backbone_area", "comprimento": "1137", "fibras": "12", "cor_kml": "ff404080", "pontos": 10}, "geometry": {"type": "LineString", "coordinates": [[-41.35041383769, -21.76654369966002], [-41.352995520787, -21.767941394261], [-41.35403075061801, -21.768443990340998], [-41.3553186975, -21.766908857673016], [-41.355515798967, -21.766647600121004], [-41.355574729327, -21.766317917918997], [-41.355629658104, -21.766190856642993], [-41.35601081635501, -21.765657772813015], [-41.355913335586, -21.765539231637007], [-41.35343944668, -21.763848043983998]]}}, {"type": "Feature", "properties": {"nome": "803M - 12FO", "tipo": "cabo", "categoria": "backbone_area", "comprimento": "803", "fibras": "12", "cor_kml": "ffffff00", "pontos": 28}, "geometry": {"type": "LineString", "coordinates": [[-41.35001906604501, -21.765599564663987], [-41.350659432756, -21.765926490076993], [-41.350829629246995, -21.76590610916699], [-41.350943441909, -21.765714341367996], [-41.35095880138899, -21.765722997867], [-41.35084098216, -21.765920415327003], [-41.350674054943994, -21.765942352104005], [-41.351274063535, -21.766240504927993], [-41.351427440185, -21.766222306970988], [-41.351590189283, -21.765952223792993], [-41.351609812995996, -21.765964635998003], [-41.35143903975501, -21.76624080954099], [-41.351291953823, -21.766256890698003], [-41.351887557103, -21.766566912700995], [-41.352025088143996, -21.766531036708997], [-41.352190790124, -21.766252777763], [-41.35220974124799, -21.766262881239], [-41.352038833643, -21.766546164923], [-41.351906248539, -21.766579616838], [-41.352483337424, -21.766887613178994], [-41.352641186007, -21.766808791602003], [-41.352793979403, -21.76657114756601], [-41.352811089318, -21.766581638860004], [-41.352657494914, -21.76682296448999], [-41.352497119848, -21.766896330522002], [-41.353103322222, -21.767213577384], [-41.353215202036, -21.767118465444], [-41.35339586404099, -21.766831350724004]]}}, {"type": "Feature", "properties": {"nome": "88M - 6FO", "tipo": "cabo", "categoria": "ramal_area", "comprimento": "88", "fibras": "6", "cor_kml": "ffffffff", "pontos": 2}, "geometry": {"type": "LineString", "coordinates": [[-41.352018543011, -21.765282433137983], [-41.35159797247401, -21.765969786520003]]}}, {"type": "Feature", "properties": {"nome": "84M - 6FO", "tipo": "cabo", "categoria": "ramal_area", "comprimento": "84", "fibras": "6", "cor_kml": "ffff0000", "pontos": 2}, "geometry": {"type": "LineString", "coordinates": [[-41.352605003214, -21.765584946718008], [-41.352206291849, -21.766242769989006]]}}, {"type": "Feature", "properties": {"nome": "79M - 6FO", "tipo": "cabo", "categoria": "ramal_area", "comprimento": "79", "fibras": "6", "cor_kml": "ffff0080", "pontos": 2}, "geometry": {"type": "LineString", "coordinates": [[-41.35377378659201, -21.766224953611], [-41.35340195902, -21.766843588002004]]}}, {"type": "Feature", "properties": {"nome": "87M - 6FO", "tipo": "cabo", "categoria": "ramal_area", "comprimento": "87", "fibras": "6", "cor_kml": "ff0000ff", "pontos": 2}, "geometry": {"type": "LineString", "coordinates": [[-41.353204845014005, -21.765894898626], [-41.352791473778, -21.766574096698008]]}}, {"type": "Feature", "properties": {"nome": "FIBRA AS MINI RAR -R7 3", "tipo": "cabo", "categoria": "ramal_mini", "comprimento": "", "fibras": "", "cor_kml": "ff404080", "pontos": 3}, "geometry": {"type": "LineString", "coordinates": [[-41.330330781587, -21.777781999614007], [-41.330423168822, -21.77774878919601], [-41.330627588755995, -21.778179197968996]]}}, {"type": "Feature", "properties": {"nome": "322M - 6F", "tipo": "cabo", "categoria": "ramal_area", "comprimento": "322", "fibras": "6", "cor_kml": "ff00fa2a", "pontos": 8}, "geometry": {"type": "LineString", "coordinates": [[-41.329271810133, -21.777685494859995], [-41.328274151460995, -21.77802637584], [-41.328313656958, -21.77791580673498], [-41.328204081653006, -21.777683313194984], [-41.328393844624, -21.777575367618994], [-41.328103311442995, -21.777675867293993], [-41.32730518411, -21.777977545992], [-41.327220437332, -21.777743574797995]]}}, {"type": "Feature", "properties": {"nome": "FIBRA AS MINI RAR -R9 3", "tipo": "cabo", "categoria": "ramal_mini", "comprimento": "", "fibras": "", "cor_kml": "ff000000", "pontos": 4}, "geometry": {"type": "LineString", "coordinates": [[-41.330187272755005, -21.77796401225102], [-41.330160908403, -21.777895468362004], [-41.330309919979, -21.77785395542901], [-41.330330781587, -21.777781999614007]]}}, {"type": "Feature", "properties": {"nome": "FIBRA AS MINI RAR -R8 2", "tipo": "cabo", "categoria": "ramal_mini", "comprimento": "", "fibras": "", "cor_kml": "ffff00ff", "pontos": 5}, "geometry": {"type": "LineString", "coordinates": [[-41.330196213398, -21.777703864307], [-41.33012216534801, -21.77772664893999], [-41.330157928244, -21.777817977488], [-41.330283097889, -21.777773696992], [-41.330330781587, -21.777781999614007]]}}, {"type": "Feature", "properties": {"nome": "154M - 6F", "tipo": "cabo", "categoria": "ramal_area", "comprimento": "154", "fibras": "6", "cor_kml": "ff00fa2a", "pontos": 4}, "geometry": {"type": "LineString", "coordinates": [[-41.327980491898, -21.777162145861013], [-41.327212167266, -21.777378152487998], [-41.327056642784, -21.777211814577], [-41.326922697321, -21.776825576907996]]}}, {"type": "Feature", "properties": {"nome": "553M - 6F", "tipo": "cabo", "categoria": "ramal_area", "comprimento": "553", "fibras": "6", "cor_kml": "ff00fa2a", "pontos": 11}, "geometry": {"type": "LineString", "coordinates": [[-41.32922106763999, -21.776630239176995], [-41.329800993016, -21.776440798796997], [-41.329857423674, -21.77623463777502], [-41.329736552722, -21.776103966687003], [-41.32842475545, -21.776554750052995], [-41.32822596399699, -21.77663747778101], [-41.327553315155, -21.776891758313], [-41.32706045344699, -21.7770523584], [-41.326905696621, -21.776824034609007], [-41.32684825282101, -21.77711930039598], [-41.326070489058, -21.777418075466997]]}}, {"type": "Feature", "properties": {"nome": "404M - 12F", "tipo": "cabo", "categoria": "backbone_area", "comprimento": "404", "fibras": "12", "cor_kml": "ffd6ab00", "pontos": 6}, "geometry": {"type": "LineString", "coordinates": [[-41.327700652564, -21.77927490332901], [-41.327783155166, -21.779598139635993], [-41.328035653016, -21.779478018426005], [-41.328328515484, -21.779367708262996], [-41.329665807075, -21.778949018568], [-41.331103651794, -21.778429735328004]]}}, {"type": "Feature", "properties": {"nome": "181M - 6F", "tipo": "cabo", "categoria": "ramal_area", "comprimento": "181", "fibras": "6", "cor_kml": "ff00fa2a", "pontos": 6}, "geometry": {"type": "LineString", "coordinates": [[-41.327691549054, -21.779289744916], [-41.327589781884, -21.779003911622], [-41.327547676730994, -21.778819907458015], [-41.327440747455, -21.778492738490982], [-41.327291071398, -21.77801921182899], [-41.32720468337601, -21.777720013573997]]}}, {"type": "Feature", "properties": {"nome": "236M - 6F", "tipo": "cabo", "categoria": "ramal_area", "comprimento": "236", "fibras": "6", "cor_kml": "ff00fa2a", "pontos": 6}, "geometry": {"type": "LineString", "coordinates": [[-41.327700652564, -21.77927490332901], [-41.32760497312199, -21.779043079090016], [-41.32756352918399, -21.778861857574014], [-41.327504503019, -21.778840553845], [-41.326759198768, -21.779085562136018], [-41.32585816360099, -21.779399220310992]]}}, {"type": "Feature", "properties": {"nome": "207M - 6F", "tipo": "cabo", "categoria": "ramal_area", "comprimento": "207", "fibras": "6", "cor_kml": "ff00fa2a", "pontos": 5}, "geometry": {"type": "LineString", "coordinates": [[-41.32770487589001, -21.779284443582995], [-41.327622463293004, -21.779039617519004], [-41.327702525156, -21.778964679748], [-41.328158342485, -21.778840278633993], [-41.329254981636, -21.778548917829994]]}}, {"type": "Feature", "properties": {"nome": "235M - 6F", "tipo": "cabo", "categoria": "ramal_area", "comprimento": "235", "fibras": "6", "cor_kml": "ff00fa2a", "pontos": 5}, "geometry": {"type": "LineString", "coordinates": [[-41.33082091259901, -21.777230836406005], [-41.330333802364, -21.777385920205006], [-41.330577334611995, -21.778041417797], [-41.33075668284399, -21.778533130483993], [-41.331089943925, -21.778423126730004]]}}, {"type": "Feature", "properties": {"nome": "FIBRA AS MINI RAR -R2 8", "tipo": "cabo", "categoria": "ramal_mini", "comprimento": "", "fibras": "", "cor_kml": "ff00ffff", "pontos": 7}, "geometry": {"type": "LineString", "coordinates": [[-41.330627588755995, -21.778179197968996], [-41.330517610572, -21.778266774646], [-41.33044310478401, -21.778183748906997], [-41.330347737552, -21.778120095709], [-41.33018382468801, -21.77816991116501], [-41.329960307161, -21.778244634317005], [-41.329802354943, -21.778297217261]]}}, {"type": "Feature", "properties": {"nome": "FIBRA AS MINI RAR -R3 6", "tipo": "cabo", "categoria": "ramal_mini", "comprimento": "", "fibras": "", "cor_kml": "ffffffff", "pontos": 4}, "geometry": {"type": "LineString", "coordinates": [[-41.330627588755995, -21.778179197968996], [-41.330523571055, -21.778294449881997], [-41.330392440926, -21.778363637758005], [-41.330005010699, -21.778490943682996]]}}, {"type": "Feature", "properties": {"nome": "155M - 6F", "tipo": "cabo", "categoria": "ramal_area", "comprimento": "155", "fibras": "6", "cor_kml": "ff00fa2a", "pontos": 11}, "geometry": {"type": "LineString", "coordinates": [[-41.329575496479, -21.784277731184005], [-41.32946545228399, -21.783817801073], [-41.32946819082899, -21.783825293383998], [-41.329481967729, -21.783773879746008], [-41.329625068323, -21.783710931778984], [-41.329762288666004, -21.783688796633996], [-41.329764794469, -21.783779719424984], [-41.32978193344401, -21.783668886194008], [-41.329900446691, -21.78366080493599], [-41.329978093899, -21.783635008169995], [-41.33017592990001, -21.783548628286]]}}, {"type": "Feature", "properties": {"nome": "331M - 6F", "tipo": "cabo", "categoria": "ramal_area", "comprimento": "331", "fibras": "6", "cor_kml": "ff00fa2a", "pontos": 11}, "geometry": {"type": "LineString", "coordinates": [[-41.32814009675301, -21.784222434723006], [-41.328756598846, -21.78399419651801], [-41.329087966808, -21.783892145299006], [-41.32923759164, -21.783885862253], [-41.329115738909, -21.78372014227], [-41.328991503454, -21.783311248871996], [-41.32887414186, -21.782953673676005], [-41.328852226663, -21.783095700195005], [-41.32855383405, -21.783144321153003], [-41.328222621769, -21.783308801391982], [-41.328106769464, -21.783368181103]]}}, {"type": "Feature", "properties": {"nome": "199M - 6F", "tipo": "cabo", "categoria": "ramal_area", "comprimento": "199", "fibras": "6", "cor_kml": "ff00fa2a", "pontos": 5}, "geometry": {"type": "LineString", "coordinates": [[-41.329247378681, -21.78200488187599], [-41.329764922025994, -21.781825083122], [-41.33011432175, -21.781790037194014], [-41.330237177861, -21.781733278378994], [-41.329960057814, -21.780950909527988]]}}, {"type": "Feature", "properties": {"nome": "257M - 6F", "tipo": "cabo", "categoria": "ramal_area", "comprimento": "257", "fibras": "6", "cor_kml": "ff00fa2a", "pontos": 6}, "geometry": {"type": "LineString", "coordinates": [[-41.327705585665, -21.782545359414996], [-41.326695243227, -21.782850992963006], [-41.326619695019, -21.782905196632], [-41.326311749197, -21.782927926707004], [-41.32617119371, -21.783028638328005], [-41.325359220473004, -21.783238725372016]]}}, {"type": "Feature", "properties": {"nome": "262M - 6F", "tipo": "cabo", "categoria": "ramal_area", "comprimento": "262", "fibras": "6", "cor_kml": "ff00fa2a", "pontos": 17}, "geometry": {"type": "LineString", "coordinates": [[-41.330050865735, -21.78022572077799], [-41.329867518705, -21.780279048487984], [-41.329805827897, -21.780089752446003], [-41.329939938348, -21.780020011735004], [-41.33000250651399, -21.780073251700017], [-41.329933248495, -21.779918897944], [-41.32993457393, -21.779995104329984], [-41.329792271096, -21.78006208233701], [-41.32961181524801, -21.779546696720004], [-41.329856789869005, -21.780321390989997], [-41.329679417482, -21.780497819386994], [-41.329317803764994, -21.780573277810007], [-41.329324966113, -21.780669343579007], [-41.329370938281, -21.780786051340996], [-41.32939929562, -21.78098426305], [-41.329793323163, -21.780902958819013], [-41.32996503561, -21.780948898129992]]}}, {"type": "Feature", "properties": {"nome": "238M - 6F", "tipo": "cabo", "categoria": "ramal_area", "comprimento": "238", "fibras": "6", "cor_kml": "ff00fa2a", "pontos": 8}, "geometry": {"type": "LineString", "coordinates": [[-41.325172783537006, -21.781603649700003], [-41.325469826981, -21.781506936016996], [-41.326020671218, -21.781343948162004], [-41.325967027036995, -21.781147458118994], [-41.326064712288, -21.781326223145], [-41.32713229788, -21.780970340086], [-41.32806601532, -21.780628681222993], [-41.328103283194, -21.780487388451007]]}}, {"type": "Feature", "properties": {"nome": "278M - 6F", "tipo": "cabo", "categoria": "ramal_area", "comprimento": "278", "fibras": "6", "cor_kml": "ff00fa2a", "pontos": 8}, "geometry": {"type": "LineString", "coordinates": [[-41.328097498318, -21.780482793212002], [-41.328337716877, -21.781236625625], [-41.328307253399004, -21.781320669186996], [-41.328495038385, -21.781366229325997], [-41.328645625658, -21.781281946687997], [-41.328790421622, -21.781242514392005], [-41.329797375697, -21.780924791044], [-41.32996503561, -21.780948898129992]]}}, {"type": "Feature", "properties": {"nome": "365M - 6F", "tipo": "cabo", "categoria": "ramal_area", "comprimento": "365", "fibras": "6", "cor_kml": "ff00fa2a", "pontos": 10}, "geometry": {"type": "LineString", "coordinates": [[-41.330364752512, -21.779591358139996], [-41.330178840373, -21.77897815518702], [-41.33046121140399, -21.778894164555993], [-41.330879933637, -21.778721885295994], [-41.330837388934, -21.778832580021003], [-41.331088101219, -21.779409825081018], [-41.33111616334, -21.77958156498498], [-41.331380112819, -21.780233521050008], [-41.331460753267, -21.780321820252], [-41.331243247792, -21.780432208562004]]}}, {"type": "Feature", "properties": {"nome": "467M - 6F", "tipo": "cabo", "categoria": "ramal_area", "comprimento": "467", "fibras": "6", "cor_kml": "ff00fa2a", "pontos": 9}, "geometry": {"type": "LineString", "coordinates": [[-41.329568571657, -21.779190296128007], [-41.329803041491, -21.779120858644006], [-41.330199577634, -21.778969638141007], [-41.330879933637, -21.778721885295994], [-41.331043727306, -21.778695019254997], [-41.331686479971, -21.778420815377004], [-41.331032475591996, -21.778678280880996], [-41.331078693521, -21.778415604223], [-41.332060569656, -21.778083644221013]]}}, {"type": "Feature", "properties": {"nome": "167M - 6F", "tipo": "cabo", "categoria": "ramal_area", "comprimento": "167", "fibras": "6", "cor_kml": "ff00fa2a", "pontos": 5}, "geometry": {"type": "LineString", "coordinates": [[-41.331035618918, -21.777662914367994], [-41.33050832361601, -21.777829048044993], [-41.330577334611995, -21.778041417797], [-41.330651773416, -21.778185813858002], [-41.331114601459, -21.778022464151007]]}}, {"type": "Feature", "properties": {"nome": "721M - 12F", "tipo": "cabo", "categoria": "backbone_area", "comprimento": "721", "fibras": "12", "cor_kml": "ffd6ab00", "pontos": 14}, "geometry": {"type": "LineString", "coordinates": [[-41.330627588755995, -21.778179197968996], [-41.330142570611, -21.776973737983], [-41.330546944104, -21.776832135475004], [-41.331225380257, -21.776582138978995], [-41.33158597994101, -21.776471620658995], [-41.33190695784399, -21.776341751361002], [-41.33260881396299, -21.776124939655006], [-41.332564043435, -21.775916947591], [-41.332436868843, -21.775506084060993], [-41.332213870241, -21.774887716357], [-41.331977330869, -21.77421577541402], [-41.331635772457, -21.773233313193003], [-41.331404659734, -21.772514738599], [-41.330744689128, -21.772773944735007]]}}, {"type": "Feature", "properties": {"nome": "263M - 6F", "tipo": "cabo", "categoria": "ramal_area", "comprimento": "263", "fibras": "6", "cor_kml": "ff00fa2a", "pontos": 6}, "geometry": {"type": "LineString", "coordinates": [[-41.33218781728299, -21.777283487052003], [-41.332083037376, -21.777013819996], [-41.332127138233, -21.776941257028994], [-41.33276829067301, -21.776759667747996], [-41.332936172203, -21.776970803761998], [-41.332564043435, -21.775916947591]]}}, {"type": "Feature", "properties": {"nome": "148M - 6F", "tipo": "cabo", "categoria": "ramal_area", "comprimento": "148", "fibras": "6", "cor_kml": "ff00fa2a", "pontos": 5}, "geometry": {"type": "LineString", "coordinates": [[-41.332362615594995, -21.782855934582997], [-41.332911185101, -21.782684501019006], [-41.333020876622, -21.782666435975003], [-41.333130976084, -21.783002917155997], [-41.33321886226799, -21.783334989748994]]}}, {"type": "Feature", "properties": {"nome": "497M - 6F", "tipo": "cabo", "categoria": "ramal_area", "comprimento": "497", "fibras": "6", "cor_kml": "ff00fa2a", "pontos": 6}, "geometry": {"type": "LineString", "coordinates": [[-41.332636537191995, -21.778599083893013], [-41.333458400830004, -21.778341100758], [-41.333545348696, -21.778676938144002], [-41.334001139350995, -21.780011772144007], [-41.334388828043, -21.78110346337502], [-41.335045497537, -21.782927337847]]}}, {"type": "Feature", "properties": {"nome": "251M - 6F", "tipo": "cabo", "categoria": "ramal_area", "comprimento": "251", "fibras": "6", "cor_kml": "ff00fa2a", "pontos": 5}, "geometry": {"type": "LineString", "coordinates": [[-41.333189389537, -21.781720676854007], [-41.333011950594, -21.781782178789996], [-41.332368064858, -21.782004327194002], [-41.332064790096, -21.782099261114], [-41.332361901688, -21.782862444166]]}}, {"type": "Feature", "properties": {"nome": "363M - 6F", "tipo": "cabo", "categoria": "ramal_area", "comprimento": "363", "fibras": "6", "cor_kml": "ff00fa2a", "pontos": 8}, "geometry": {"type": "LineString", "coordinates": [[-41.33236903749601, -21.782835065472995], [-41.332900700985, -21.782667565086], [-41.333508037838, -21.782487344256992], [-41.334398774625, -21.782213527073992], [-41.334593486757996, -21.782062770457998], [-41.334689012162, -21.781949087420998], [-41.334459227682, -21.78132793921199], [-41.334376481584, -21.781097279438]]}}, {"type": "Feature", "properties": {"nome": "192M - 6F", "tipo": "cabo", "categoria": "ramal_area", "comprimento": "192", "fibras": "6", "cor_kml": "ff00fa2a", "pontos": 7}, "geometry": {"type": "LineString", "coordinates": [[-41.331312006165994, -21.781377699665], [-41.331829298496, -21.781160273008993], [-41.331785203385, -21.781248724925007], [-41.331668628167, -21.780961225525004], [-41.331504192752, -21.780677555821995], [-41.33143097617, -21.780394361316], [-41.331254665402, -21.780445141580984]]}}, {"type": "Feature", "properties": {"nome": "357M - 12F", "tipo": "cabo", "categoria": "backbone_area", "comprimento": "357", "fibras": "12", "cor_kml": "ffd6ab00", "pontos": 5}, "geometry": {"type": "LineString", "coordinates": [[-41.329947994036004, -21.78095175487701], [-41.330015088718, -21.780879042777997], [-41.33124919864, -21.780445319037014], [-41.33209827143501, -21.780173335580997], [-41.333146935505994, -21.779805220957]]}}, {"type": "Feature", "properties": {"nome": "234M - 6F", "tipo": "cabo", "categoria": "ramal_area", "comprimento": "234", "fibras": "6", "cor_kml": "ff00fa2a", "pontos": 4}, "geometry": {"type": "LineString", "coordinates": [[-41.333291074741, -21.780720352410995], [-41.33237708303399, -21.781019472816013], [-41.332079092045, -21.780246507732016], [-41.33209827143501, -21.780173335580997]]}}, {"type": "Feature", "properties": {"nome": "76M - 6F", "tipo": "cabo", "categoria": "ramal_area", "comprimento": "76", "fibras": "6", "cor_kml": "ff00fa2a", "pontos": 4}, "geometry": {"type": "LineString", "coordinates": [[-41.33339040829299, -21.784548438829006], [-41.333534497235, -21.78490581104502], [-41.333526818393, -21.78502779762202], [-41.333705653942, -21.784976799074997]]}}, {"type": "Feature", "properties": {"nome": "358M - 6F", "tipo": "cabo", "categoria": "ramal_area", "comprimento": "358", "fibras": "6", "cor_kml": "ff00fa2a", "pontos": 8}, "geometry": {"type": "LineString", "coordinates": [[-41.330180296688994, -21.783558883300998], [-41.329969756579, -21.783642548394], [-41.330328821788, -21.784697142417983], [-41.33042018766799, -21.784784824011], [-41.330858052071, -21.784658039578986], [-41.331180712571005, -21.784545059685996], [-41.331644827239, -21.784383695166], [-41.331901013263, -21.784299069871963]]}}, {"type": "Feature", "properties": {"nome": "70M - 6F", "tipo": "cabo", "categoria": "ramal_area", "comprimento": "70", "fibras": "6", "cor_kml": "ff00fa2a", "pontos": 3}, "geometry": {"type": "LineString", "coordinates": [[-41.334022809321, -21.784278949496013], [-41.334211962384, -21.784710549227995], [-41.334371059931, -21.784650237603003]]}}, {"type": "Feature", "properties": {"nome": "76M - 6F", "tipo": "cabo", "categoria": "ramal_area", "comprimento": "76", "fibras": "6", "cor_kml": "ff00fa2a", "pontos": 3}, "geometry": {"type": "LineString", "coordinates": [[-41.334667319698, -21.784013239811998], [-41.33481873764901, -21.78441408191601], [-41.33506665318, -21.784309178124005]]}}, {"type": "Feature", "properties": {"nome": "74M - 6F", "tipo": "cabo", "categoria": "ramal_area", "comprimento": "74", "fibras": "6", "cor_kml": "ff00fa2a", "pontos": 3}, "geometry": {"type": "LineString", "coordinates": [[-41.335531706196996, -21.784390406615998], [-41.335438222951, -21.784133258848996], [-41.335071979404994, -21.784330286661998]]}}, {"type": "Feature", "properties": {"nome": "413M - 12F", "tipo": "cabo", "categoria": "backbone_area", "comprimento": "413", "fibras": "12", "cor_kml": "ffd6ab00", "pontos": 3}, "geometry": {"type": "LineString", "coordinates": [[-41.33238987269699, -21.782859011427007], [-41.331376934547, -21.78318552572202], [-41.330171940678, -21.783553843705008]]}}, {"type": "Feature", "properties": {"nome": "246M - 6F", "tipo": "cabo", "categoria": "ramal_area", "comprimento": "246", "fibras": "6", "cor_kml": "ff00fa2a", "pontos": 7}, "geometry": {"type": "LineString", "coordinates": [[-41.329595004449004, -21.782855462604005], [-41.330342075278, -21.78260237522899], [-41.330496833711, -21.782605274740007], [-41.33069626055799, -21.783223017932002], [-41.330751288803, -21.783338936337998], [-41.331117357467, -21.783239099517004], [-41.33133664848899, -21.78319350558]]}}, {"type": "Feature", "properties": {"nome": "193M - 6F", "tipo": "cabo", "categoria": "ramal_area", "comprimento": "193", "fibras": "6", "cor_kml": "ff00fa2a", "pontos": 4}, "geometry": {"type": "LineString", "coordinates": [[-41.331383303084, -21.786781653332], [-41.331295866251004, -21.786578727792005], [-41.330993624971, -21.786033074881004], [-41.330540084894, -21.785226938818994]]}}, {"type": "Feature", "properties": {"nome": "195M - 6F", "tipo": "cabo", "categoria": "ramal_area", "comprimento": "195", "fibras": "6", "cor_kml": "ff00fa2a", "pontos": 5}, "geometry": {"type": "LineString", "coordinates": [[-41.33171771941101, -21.78647572541702], [-41.33124617150099, -21.785598178524978], [-41.331051448919, -21.785150993033994], [-41.331085541211, -21.785115308664004], [-41.331336973302, -21.78504233537201]]}}, {"type": "Feature", "properties": {"nome": "282M - 6F", "tipo": "cabo", "categoria": "ramal_area", "comprimento": "282", "fibras": "6", "cor_kml": "ff00fa2a", "pontos": 9}, "geometry": {"type": "LineString", "coordinates": [[-41.33065500653, -21.786468943591004], [-41.330478947895, -21.786117033598984], [-41.330254886179, -21.78569475130101], [-41.33015213969599, -21.785509808548], [-41.330010108054, -21.785175256345], [-41.329870921401, -21.784986654285007], [-41.3302156904, -21.784871161647004], [-41.330364154505, -21.784877163746984], [-41.330552306447, -21.785246840838994]]}}, {"type": "Feature", "properties": {"nome": "315M - 6F", "tipo": "cabo", "categoria": "ramal_area", "comprimento": "315", "fibras": "6", "cor_kml": "ff00fa2a", "pontos": 7}, "geometry": {"type": "LineString", "coordinates": [[-41.328664678195, -21.78598643008101], [-41.329184144476, -21.785795124779], [-41.329562993743, -21.785677433246008], [-41.33013031663799, -21.785476640267007], [-41.329993496393, -21.785153382583005], [-41.329809474074, -21.784838732623996], [-41.32908193073, -21.785085851228004]]}}, {"type": "Feature", "properties": {"nome": "58M - 6F", "tipo": "cabo", "categoria": "ramal_area", "comprimento": "58", "fibras": "6", "cor_kml": "ff00fa2a", "pontos": 4}, "geometry": {"type": "LineString", "coordinates": [[-41.327389539294, -21.785752143569], [-41.3273309905, -21.785642423417997], [-41.327210848168, -21.785780723853023], [-41.326988010608, -21.785832034405004]]}}, {"type": "Feature", "properties": {"nome": "466M - 12F", "tipo": "cabo", "categoria": "backbone_area", "comprimento": "466", "fibras": "12", "cor_kml": "ffd6ab00", "pontos": 16}, "geometry": {"type": "LineString", "coordinates": [[-41.32814497134301, -21.784222155078993], [-41.327322956765, -21.784411542311005], [-41.327059183618, -21.784427228416007], [-41.327344742126, -21.784455971398998], [-41.32676747999199, -21.784658013794], [-41.326451296991, -21.78473702142], [-41.326111547564, -21.784818436894], [-41.32585528813, -21.784908079923], [-41.325613655673, -21.784952529124], [-41.325437913507, -21.784987251019004], [-41.325294097918004, -21.785073782083998], [-41.32529812776001, -21.785140414596995], [-41.325265722145, -21.785073688994004], [-41.325014091092, -21.785071869023994], [-41.324677764395, -21.78511478125199], [-41.324665806543, -21.78530217115302]]}}, {"type": "Feature", "properties": {"nome": "120M - 6F", "tipo": "cabo", "categoria": "ramal_area", "comprimento": "120", "fibras": "6", "cor_kml": "ff00fa2a", "pontos": 5}, "geometry": {"type": "LineString", "coordinates": [[-41.330063329323, -21.788503043937], [-41.33026772187401, -21.788682640250002], [-41.330029289455005, -21.788935119941996], [-41.329923272883, -21.788999388345005], [-41.329667206928, -21.78871616222601]]}}, {"type": "Feature", "properties": {"nome": "384M - 6F", "tipo": "cabo", "categoria": "ramal_area", "comprimento": "384", "fibras": "6", "cor_kml": "ff00fa2a", "pontos": 9}, "geometry": {"type": "LineString", "coordinates": [[-41.328526121043005, -21.788981459826005], [-41.328431909137, -21.788861859487], [-41.328328082944, -21.788662197783992], [-41.328232923193, -21.788395850862017], [-41.328044823018, -21.78774678184898], [-41.327782822471, -21.786929541212018], [-41.327714526122, -21.787008744285004], [-41.32726470081299, -21.78708956712201], [-41.327430243392, -21.787836200279997]]}}, {"type": "Feature", "properties": {"nome": "276M - 6F", "tipo": "cabo", "categoria": "ramal_area", "comprimento": "276", "fibras": "6", "cor_kml": "ff00fa2a", "pontos": 7}, "geometry": {"type": "LineString", "coordinates": [[-41.330236081203, -21.787064149800003], [-41.33053821043, -21.78767317133901], [-41.33084060609699, -21.788224639953], [-41.330871073832, -21.788277247455994], [-41.331238296691, -21.788027447371007], [-41.331856975412, -21.787614744994002], [-41.331856323106, -21.78762564160502]]}}, {"type": "Feature", "properties": {"nome": "272M - 6F", "tipo": "cabo", "categoria": "ramal_area", "comprimento": "272", "fibras": "6", "cor_kml": "ff00fa2a", "pontos": 7}, "geometry": {"type": "LineString", "coordinates": [[-41.32908463762601, -21.788218333744], [-41.328789875609, -21.78749625441], [-41.32851561688, -21.786969482193996], [-41.328473204439995, -21.786868238137004], [-41.327946301605, -21.786979556305994], [-41.32784619551901, -21.786981737145013], [-41.32797462601701, -21.787453749102994]]}}, {"type": "Feature", "properties": {"nome": "294M - 6F", "tipo": "cabo", "categoria": "ramal_area", "comprimento": "294", "fibras": "6", "cor_kml": "ff00fa2a", "pontos": 6}, "geometry": {"type": "LineString", "coordinates": [[-41.329777747164, -21.787887075615004], [-41.32922497515, -21.787333415741983], [-41.328872615077, -21.78703987667899], [-41.328749384892, -21.786893022894006], [-41.328503316533, -21.78685475479], [-41.328789875609, -21.78749625441]]}}, {"type": "Feature", "properties": {"nome": "34M - 6F", "tipo": "cabo", "categoria": "ramal_area", "comprimento": "34", "fibras": "6", "cor_kml": "ff00fa2a", "pontos": 2}, "geometry": {"type": "LineString", "coordinates": [[-41.32796809612, -21.787456404862], [-41.328063744546, -21.787743447015004]]}}, {"type": "Feature", "properties": {"nome": "416M - 12F", "tipo": "cabo", "categoria": "backbone_area", "comprimento": "416", "fibras": "12", "cor_kml": "ffd6ab00", "pontos": 9}, "geometry": {"type": "LineString", "coordinates": [[-41.327970619958, -21.787477453132], [-41.327666408729, -21.786499964460006], [-41.327723818629, -21.786370705533017], [-41.327527234215, -21.785801144085], [-41.327389539294, -21.785752143569], [-41.327317037199, -21.785583980811992], [-41.327864207838, -21.785471901806005], [-41.327984907243, -21.785427070179992], [-41.32908193073, -21.785085851228004]]}}, {"type": "Feature", "properties": {"nome": "114M - 6F", "tipo": "cabo", "categoria": "ramal_area", "comprimento": "114", "fibras": "6", "cor_kml": "ff00fa2a", "pontos": 5}, "geometry": {"type": "LineString", "coordinates": [[-41.328482196036994, -21.789606734342996], [-41.32857563851099, -21.789736294666014], [-41.328799422012, -21.789945651872998], [-41.32875313046501, -21.789973537334006], [-41.328325792171, -21.790313492578008]]}}, {"type": "Feature", "properties": {"nome": "300M - 12F", "tipo": "cabo", "categoria": "backbone_area", "comprimento": "300", "fibras": "12", "cor_kml": "ffd6ab00", "pontos": 10}, "geometry": {"type": "LineString", "coordinates": [[-41.327421181467, -21.787827386724004], [-41.327525450629, -21.788209898241007], [-41.327654501503005, -21.788872288728996], [-41.327781470582, -21.789453153767], [-41.327877052715, -21.78955023169098], [-41.327907991325, -21.789640951153984], [-41.32803897052901, -21.789820792536005], [-41.328173058811, -21.789969461612003], [-41.328362905709994, -21.790193486096996], [-41.328342674960005, -21.790313378391005]]}}, {"type": "Feature", "properties": {"nome": "44M - 6F", "tipo": "cabo", "categoria": "ramal_area", "comprimento": "44", "fibras": "6", "cor_kml": "ff00fa2a", "pontos": 3}, "geometry": {"type": "LineString", "coordinates": [[-41.328452000076, -21.789926730510018], [-41.3285858016, -21.790081349277003], [-41.328750356979, -21.789964478748985]]}}, {"type": "Feature", "properties": {"nome": "454M - 6F", "tipo": "cabo", "categoria": "ramal_area", "comprimento": "454", "fibras": "6", "cor_kml": "ff00fa2a", "pontos": 11}, "geometry": {"type": "LineString", "coordinates": [[-41.327197439758, -21.789876319162005], [-41.327110656989, -21.789784876317015], [-41.32698053748701, -21.789177508202002], [-41.326864704226, -21.788561379716], [-41.326709035244996, -21.787881810884002], [-41.326588106124, -21.787377217406004], [-41.326595250713, -21.787224333802], [-41.326956499975005, -21.787146891307017], [-41.327248065213, -21.787096422109997], [-41.32732837811899, -21.787465828595984], [-41.32740584964299, -21.78783054361]]}}, {"type": "Feature", "properties": {"nome": "68M - 6F", "tipo": "cabo", "categoria": "ramal_area", "comprimento": "68", "fibras": "6", "cor_kml": "ff00fa2a", "pontos": 3}, "geometry": {"type": "LineString", "coordinates": [[-41.329005756601, -21.789208480594], [-41.32929938139101, -21.789521228671987], [-41.329457226675, -21.78939860596701]]}}, {"type": "Feature", "properties": {"nome": "194M - 6F", "tipo": "cabo", "categoria": "ramal_area", "comprimento": "194", "fibras": "6", "cor_kml": "ff00fa2a", "pontos": 9}, "geometry": {"type": "LineString", "coordinates": [[-41.32861397116701, -21.789390190555977], [-41.328707791102005, -21.789505741366], [-41.328959503245, -21.789781182663006], [-41.329145096413995, -21.789652592742996], [-41.32917299052699, -21.789621778818002], [-41.328934028428, -21.789384928323997], [-41.329151054873, -21.789581590487018], [-41.329208925809006, -21.789617082871004], [-41.329463427981, -21.78940745359499]]}}, {"type": "Feature", "properties": {"nome": "198M - 6F", "tipo": "cabo", "categoria": "ramal_area", "comprimento": "198", "fibras": "6", "cor_kml": "ff00fa2a", "pontos": 6}, "geometry": {"type": "LineString", "coordinates": [[-41.329535843514, -21.788951861114995], [-41.329727727431, -21.789144055470018], [-41.32950409716, -21.789336185271992], [-41.32908566869399, -21.788908372378998], [-41.329500512781, -21.789353217777006], [-41.329447659203, -21.789399859206014]]}}, {"type": "Feature", "properties": {"nome": "199M - 6F", "tipo": "cabo", "categoria": "ramal_area", "comprimento": "199", "fibras": "6", "cor_kml": "ff00fa2a", "pontos": 4}, "geometry": {"type": "LineString", "coordinates": [[-41.332785995901, -21.78658776938198], [-41.332547538127, -21.78613526613198], [-41.33228670966, -21.785582918111004], [-41.331983734397, -21.78495396401702]]}}, {"type": "Feature", "properties": {"nome": "142M - 6F", "tipo": "cabo", "categoria": "ramal_area", "comprimento": "142", "fibras": "6", "cor_kml": "ff00fa2a", "pontos": 2}, "geometry": {"type": "LineString", "coordinates": [[-41.332247829354, -21.786271783502002], [-41.331664916798, -21.785109398684995]]}}, {"type": "Feature", "properties": {"nome": "153M - 6F", "tipo": "cabo", "categoria": "ramal_area", "comprimento": "153", "fibras": "6", "cor_kml": "ff00fa2a", "pontos": 4}, "geometry": {"type": "LineString", "coordinates": [[-41.337281319084994, -21.785112375713993], [-41.337661149094, -21.785202229704993], [-41.337414530479, -21.786048979857], [-41.337321893646, -21.786162280257997]]}}, {"type": "Feature", "properties": {"nome": "115M - 6F", "tipo": "cabo", "categoria": "ramal_area", "comprimento": "115", "fibras": "6", "cor_kml": "ff00fa2a", "pontos": 4}, "geometry": {"type": "LineString", "coordinates": [[-41.333052622884, -21.785325942960014], [-41.332909550851, -21.785372957438994], [-41.332658288769, -21.784816585499], [-41.332526959683, -21.784437459865998]]}}, {"type": "Feature", "properties": {"nome": "264M - 6F", "tipo": "cabo", "categoria": "ramal_area", "comprimento": "264", "fibras": "6", "cor_kml": "ff00fa2a", "pontos": 5}, "geometry": {"type": "LineString", "coordinates": [[-41.332596811489, -21.785817618295994], [-41.33205239176401, -21.784657176937998], [-41.331919083680994, -21.784332130327], [-41.331755549608, -21.784429778604007], [-41.332008230995, -21.784964491113]]}}, {"type": "Feature", "properties": {"nome": "434M - 12F", "tipo": "cabo", "categoria": "backbone_area", "comprimento": "434", "fibras": "12", "cor_kml": "ffd6ab00", "pontos": 9}, "geometry": {"type": "LineString", "coordinates": [[-41.333052622884, -21.785325942960014], [-41.333704904263996, -21.784989574151], [-41.33404360686999, -21.78480611516001], [-41.33437467996399, -21.784663755097], [-41.334716788097, -21.784481919607998], [-41.33506779525601, -21.784322451221], [-41.335426828625, -21.784114845112], [-41.335314760696, -21.783695555516005], [-41.335031720542, -21.782899773349996]]}}, {"type": "Feature", "properties": {"nome": "407M - 12F", "tipo": "cabo", "categoria": "backbone_area", "comprimento": "407", "fibras": "12", "cor_kml": "ffd6ab00", "pontos": 14}, "geometry": {"type": "LineString", "coordinates": [[-41.332009497086, -21.78499397284402], [-41.331752059388, -21.784456717051015], [-41.33166114725001, -21.784408187097995], [-41.331425075957, -21.784507558447984], [-41.331491323099, -21.784742083959998], [-41.331681621452, -21.78514875459601], [-41.331583309568, -21.78499067860598], [-41.331328461941, -21.785044107378], [-41.331156680736, -21.784719412772006], [-41.331073621038, -21.784599822219988], [-41.330843724779, -21.784665985483997], [-41.3303914306, -21.784819931909993], [-41.330382440165, -21.784884005186996], [-41.330558921958996, -21.78523353621098]]}}, {"type": "Feature", "properties": {"nome": "429M - 6F", "tipo": "cabo", "categoria": "ramal_area", "comprimento": "429", "fibras": "6", "cor_kml": "ff00fa2a", "pontos": 8}, "geometry": {"type": "LineString", "coordinates": [[-41.341966443688, -21.788282854377], [-41.340797224156, -21.788034561705004], [-41.34056228800999, -21.787957388561992], [-41.340344205654, -21.787960912967023], [-41.339111767571, -21.787688408519003], [-41.33903788087, -21.787656577679996], [-41.33923824927601, -21.786862382913995], [-41.339271964684, -21.786617515299]]}}, {"type": "Feature", "properties": {"nome": "162M - 6F", "tipo": "cabo", "categoria": "ramal_area", "comprimento": "162", "fibras": "6", "cor_kml": "ff00fa2a", "pontos": 3}, "geometry": {"type": "LineString", "coordinates": [[-41.333150665223, -21.786801788664988], [-41.332400564734, -21.787297840578987], [-41.33185802077, -21.787630654069005]]}}, {"type": "Feature", "properties": {"nome": "134M - 6F", "tipo": "cabo", "categoria": "ramal_area", "comprimento": "134", "fibras": "6", "cor_kml": "ff00fa2a", "pontos": 2}, "geometry": {"type": "LineString", "coordinates": [[-41.341181690138, -21.787281591989], [-41.339924409408, -21.786995434877]]}}, {"type": "Feature", "properties": {"nome": "668M - 12F", "tipo": "cabo", "categoria": "backbone_area", "comprimento": "668", "fibras": "12", "cor_kml": "ffd6ab00", "pontos": 13}, "geometry": {"type": "LineString", "coordinates": [[-41.335067463693, -21.785548517363992], [-41.335397216636, -21.785308345711], [-41.335721801249, -21.785094815666], [-41.33577636602401, -21.785045550969002], [-41.335902392034, -21.78507108078], [-41.336123579905006, -21.784948787743005], [-41.33649764386699, -21.785992004655], [-41.33724507287499, -21.786184006482003], [-41.337320832119, -21.786094327863992], [-41.337294993089, -21.78619785469401], [-41.339297868264, -21.786633637861], [-41.33927201698501, -21.786866806964], [-41.339940169846, -21.786999864994996]]}}, {"type": "Feature", "properties": {"nome": "242M - 6F", "tipo": "cabo", "categoria": "ramal_area", "comprimento": "242", "fibras": "6", "cor_kml": "ff00fa2a", "pontos": 3}, "geometry": {"type": "LineString", "coordinates": [[-41.33313739664901, -21.786802483955995], [-41.33403459719201, -21.786221683801003], [-41.335073058362, -21.785571134329004]]}}, {"type": "Feature", "properties": {"nome": "70M - 6F", "tipo": "cabo", "categoria": "ramal_area", "comprimento": "70", "fibras": "6", "cor_kml": "ff00fa2a", "pontos": 3}, "geometry": {"type": "LineString", "coordinates": [[-41.332771655248, -21.786568461475014], [-41.332919481751, -21.786913947985], [-41.333153103636, -21.786773297438998]]}}, {"type": "Feature", "properties": {"nome": "111M - 6F", "tipo": "cabo", "categoria": "ramal_area", "comprimento": "111", "fibras": "6", "cor_kml": "ff00fa2a", "pontos": 3}, "geometry": {"type": "LineString", "coordinates": [[-41.33958182057701, -21.785674570457985], [-41.339357993305, -21.786524571228995], [-41.339290994771, -21.786638093094]]}}, {"type": "Feature", "properties": {"nome": "319M - 12F", "tipo": "cabo", "categoria": "backbone_area", "comprimento": "319", "fibras": "12", "cor_kml": "ffd6ab00", "pontos": 7}, "geometry": {"type": "LineString", "coordinates": [[-41.329449094378, -21.789412493756018], [-41.329638443432, -21.78925420588898], [-41.329829927419, -21.789104010049], [-41.330028589866, -21.78894842527201], [-41.33043967850401, -21.788591374053993], [-41.330980388424, -21.78824689910701], [-41.33187018604, -21.787633913315005]]}}, {"type": "Feature", "properties": {"nome": "117M - 12F", "tipo": "cabo", "categoria": "backbone_area", "comprimento": "117", "fibras": "12", "cor_kml": "ffd6ab00", "pontos": 5}, "geometry": {"type": "LineString", "coordinates": [[-41.350690157471, -21.80259544158301], [-41.35057655381, -21.80272102152898], [-41.350793977561004, -21.802987623584002], [-41.350827272942, -21.80312020126898], [-41.350458588676, -21.803358412593013]]}}, {"type": "Feature", "properties": {"nome": "108M - 6F", "tipo": "cabo", "categoria": "ramal_area", "comprimento": "108", "fibras": "6", "cor_kml": "ff00ffff", "pontos": 4}, "geometry": {"type": "LineString", "coordinates": [[-41.350690157471, -21.80259544158301], [-41.350213923598, -21.802917406291], [-41.350025220618, -21.802821614544996], [-41.349890875276, -21.802635795642004]]}}, {"type": "Feature", "properties": {"nome": "1037M - 12FO", "tipo": "cabo", "categoria": "backbone_area", "comprimento": "1037", "fibras": "12", "cor_kml": "ff00ff00", "pontos": 14}, "geometry": {"type": "LineString", "coordinates": [[-41.345142621087, -21.797455332661002], [-41.34534066391, -21.797632143740998], [-41.346295401833, -21.799114920045014], [-41.347173982925, -21.800430137703003], [-41.34734236539, -21.800769338831017], [-41.34727262438499, -21.801053298808995], [-41.34666105721999, -21.802393383910996], [-41.348506622096, -21.803099189934002], [-41.348880259162, -21.80311809263098], [-41.349155887413, -21.803047735543018], [-41.34944931172101, -21.802935892269005], [-41.349626957849, -21.803134609539995], [-41.349748345182, -21.803225028838], [-41.35020766721, -21.802918877652004]]}}, {"type": "Feature", "properties": {"nome": "231M - 6F", "tipo": "cabo", "categoria": "ramal_area", "comprimento": "231", "fibras": "6", "cor_kml": "ff00ff00", "pontos": 6}, "geometry": {"type": "LineString", "coordinates": [[-41.35045472141, -21.803353159835012], [-41.350865436248, -21.803094936322978], [-41.351085595583, -21.803377149228993], [-41.35114920545999, -21.803500313748017], [-41.350915609755006, -21.803638597697997], [-41.351694096219, -21.803146066864002]]}}, {"type": "Feature", "properties": {"nome": "1840M - 12F", "tipo": "cabo", "categoria": "backbone_area", "comprimento": "1840", "fibras": "12", "cor_kml": "ff00ff00", "pontos": 13}, "geometry": {"type": "LineString", "coordinates": [[-41.345158218351, -21.797471032215995], [-41.343197064455, -21.796205149142992], [-41.34110485338199, -21.794931286218997], [-41.340892284581, -21.79478860465001], [-41.340523993349, -21.794701578816984], [-41.340178258016, -21.794573610098], [-41.340028586757, -21.794455269458], [-41.339914673115, -21.794334266348997], [-41.339373537769, -21.793478755354997], [-41.338083221558, -21.791176446929995], [-41.337746492029, -21.79063797495499], [-41.337105787519, -21.788931888868007], [-41.335555891423, -21.784411581081002]]}}, {"type": "Feature", "properties": {"nome": "494M - 6F", "tipo": "cabo", "categoria": "ramal_area", "comprimento": "494", "fibras": "6", "cor_kml": "ff00fa2a", "pontos": 5}, "geometry": {"type": "LineString", "coordinates": [[-41.337019751279, -21.78850820852601], [-41.336550859163, -21.787271161267], [-41.336159989574, -21.786131395382995], [-41.335792966227004, -21.78507272888899], [-41.335065705847995, -21.78557146758]]}}, {"type": "Feature", "properties": {"nome": "202M - 6FO", "tipo": "cabo", "categoria": "ramal_area", "comprimento": "202", "fibras": "6", "cor_kml": "ffff0000", "pontos": 3}, "geometry": {"type": "LineString", "coordinates": [[-41.353843638957, -21.803482038903], [-41.354825911449, -21.802831545852], [-41.355439212072, -21.802425622589]]}}, {"type": "Feature", "properties": {"nome": "300M - 6F", "tipo": "cabo", "categoria": "ramal_area", "comprimento": "300", "fibras": "6", "cor_kml": "ff0000ff", "pontos": 8}, "geometry": {"type": "LineString", "coordinates": [[-41.350450398487, -21.803357691242], [-41.351355189913, -21.802750309804992], [-41.35228586047, -21.802131466597018], [-41.352801641342005, -21.801773554915016], [-41.3537592134, -21.8011774526], [-41.353972498333, -21.801037515481], [-41.354530397808006, -21.801249197201003], [-41.3540447148, -21.801583366100004]]}}, {"type": "Feature", "properties": {"nome": "150M - 6F", "tipo": "cabo", "categoria": "ramal_area", "comprimento": "150", "fibras": "6", "cor_kml": "ff0000ff", "pontos": 5}, "geometry": {"type": "LineString", "coordinates": [[-41.352266294595, -21.803354686749017], [-41.352877273854, -21.802939514727996], [-41.353446448441, -21.802569811545993], [-41.3540807256, -21.802148540199966], [-41.354626780800004, -21.801794772500003]]}}, {"type": "Feature", "properties": {"nome": "252M - 6F", "tipo": "cabo", "categoria": "ramal_area", "comprimento": "252", "fibras": "6", "cor_kml": "ffff0000", "pontos": 5}, "geometry": {"type": "LineString", "coordinates": [[-41.350690157471, -21.80259544158301], [-41.351264418433, -21.802205894383007], [-41.351910094, -21.80180020777], [-41.35267708069401, -21.801276781709987], [-41.3532029941, -21.80093883900001]]}}, {"type": "Feature", "properties": {"nome": "183M - 6F", "tipo": "cabo", "categoria": "ramal_area", "comprimento": "183", "fibras": "6", "cor_kml": "ff00ffff", "pontos": 3}, "geometry": {"type": "LineString", "coordinates": [[-41.351694096219, -21.803146066864002], [-41.352538759296, -21.802573116470995], [-41.35312264015899, -21.802179258389003]]}}, {"type": "Feature", "properties": {"nome": "303M - 6F", "tipo": "cabo", "categoria": "ramal_area", "comprimento": "303", "fibras": "6", "cor_kml": "ff00ff00", "pontos": 6}, "geometry": {"type": "LineString", "coordinates": [[-41.351996162018, -21.801140804331993], [-41.350893090231, -21.801877116027995], [-41.350235646873, -21.802291925348], [-41.350477433673, -21.802585041995002], [-41.350514346816, -21.802726161392997], [-41.350690157471, -21.80259544158301]]}}, {"type": "Feature", "properties": {"nome": "128M - 12F", "tipo": "cabo", "categoria": "backbone_area", "comprimento": "128", "fibras": "12", "cor_kml": "ffd6ab00", "pontos": 5}, "geometry": {"type": "LineString", "coordinates": [[-41.352262375824, -21.803350626818002], [-41.352398801645, -21.803251652810005], [-41.352351442454, -21.803093488355984], [-41.35215694733099, -21.802846533250005], [-41.351694096219, -21.803146066864002]]}}, {"type": "Feature", "properties": {"nome": "481M - 12FO", "tipo": "cabo", "categoria": "backbone_area", "comprimento": "481", "fibras": "12", "cor_kml": "ffffff00", "pontos": 11}, "geometry": {"type": "LineString", "coordinates": [[-41.353841751661, -21.80348644347299], [-41.352587478284, -21.804323061779], [-41.352602446206, -21.804337762356994], [-41.353041641688, -21.804047892658005], [-41.35310783491099, -21.804053463716997], [-41.353296900034, -21.804306525016003], [-41.353321094661, -21.804419541382018], [-41.353048289635, -21.804604270672996], [-41.353059711252996, -21.804616025604005], [-41.353868088775, -21.804069683943], [-41.35442229414701, -21.80370208378301]]}}, {"type": "Feature", "properties": {"nome": "170M - 6FO", "tipo": "cabo", "categoria": "ramal_area", "comprimento": "170", "fibras": "6", "cor_kml": "ffffffff", "pontos": 6}, "geometry": {"type": "LineString", "coordinates": [[-41.352563206715, -21.803656230018007], [-41.35289219823, -21.803438273645], [-41.352804841028, -21.803663274328997], [-41.352987389657, -21.803912099957998], [-41.353021322509, -21.80402426147701], [-41.352585223084006, -21.804311921809003]]}}, {"type": "Feature", "properties": {"nome": "201M - 6F", "tipo": "cabo", "categoria": "ramal_area", "comprimento": "201", "fibras": "6", "cor_kml": "ffff0080", "pontos": 7}, "geometry": {"type": "LineString", "coordinates": [[-41.352266294595, -21.803354686749017], [-41.352403708602, -21.803264684311003], [-41.35246955506501, -21.803271527022005], [-41.352644856197, -21.803496420011], [-41.35285937336, -21.803424731537007], [-41.35256663277299, -21.803615500215017], [-41.351900892359, -21.804066254541993]]}}, {"type": "Feature", "properties": {"nome": "168M - 6FO", "tipo": "cabo", "categoria": "ramal_area", "comprimento": "168", "fibras": "6", "cor_kml": "ff0000ff", "pontos": 4}, "geometry": {"type": "LineString", "coordinates": [[-41.354740463786, -21.804098616792004], [-41.355452185674, -21.80362971790801], [-41.356064257524, -21.803230118551014], [-41.356971589466, -21.802629160709017]]}}, {"type": "Feature", "properties": {"nome": "135M - 6F", "tipo": "cabo", "categoria": "ramal_area", "comprimento": "135", "fibras": "6", "cor_kml": "ffff0000", "pontos": 3}, "geometry": {"type": "LineString", "coordinates": [[-41.352262375824, -21.803350626818002], [-41.351692010384, -21.803732526234995], [-41.35119575341, -21.804048497899984]]}}, {"type": "Feature", "properties": {"nome": "168M - 6FO", "tipo": "cabo", "categoria": "ramal_area", "comprimento": "168", "fibras": "6", "cor_kml": "ff0000ff", "pontos": 3}, "geometry": {"type": "LineString", "coordinates": [[-41.354421241846, -21.803699673241], [-41.355148578797, -21.803220605853], [-41.355749815769, -21.80282906162502]]}}, {"type": "Feature", "properties": {"nome": "107M - 6F", "tipo": "cabo", "categoria": "ramal_area", "comprimento": "107", "fibras": "6", "cor_kml": "ff404080", "pontos": 4}, "geometry": {"type": "LineString", "coordinates": [[-41.352547591621, -21.803643781383002], [-41.353388083432, -21.80308232557701], [-41.35471083059999, -21.802217436299998], [-41.3551947894, -21.801889486899995]]}}, {"type": "Feature", "properties": {"nome": "125M - 6FO", "tipo": "cabo", "categoria": "ramal_area", "comprimento": "125", "fibras": "6", "cor_kml": "ffff0000", "pontos": 6}, "geometry": {"type": "LineString", "coordinates": [[-41.35306043506, -21.804632582592006], [-41.35334628282, -21.804444284508023], [-41.353403346326, -21.804449282950017], [-41.353592319635, -21.804705426423993], [-41.353635728615, -21.804819590226998], [-41.353361402501, -21.805000866185992]]}}, {"type": "Feature", "properties": {"nome": "71M - 6FO", "tipo": "cabo", "categoria": "ramal_area", "comprimento": "71", "fibras": "6", "cor_kml": "ff00ff00", "pontos": 2}, "geometry": {"type": "LineString", "coordinates": [[-41.352593317194, -21.80432284980199], [-41.35203297790801, -21.804699313301995]]}}, {"type": "Feature", "properties": {"nome": "91M - 6FO", "tipo": "cabo", "categoria": "ramal_area", "comprimento": "91", "fibras": "6", "cor_kml": "ff00ffff", "pontos": 2}, "geometry": {"type": "LineString", "coordinates": [[-41.35305262512299, -21.804615466864007], [-41.352337996779, -21.805091347138003]]}}, {"type": "Feature", "properties": {"nome": "162M - 6FO", "tipo": "cabo", "categoria": "ramal_area", "comprimento": "162", "fibras": "6", "cor_kml": "ffffffff", "pontos": 3}, "geometry": {"type": "LineString", "coordinates": [[-41.353443472289, -21.805452098691006], [-41.35472015513399, -21.804612571613006], [-41.357257644799, -21.802905029699005]]}}, {"type": "Feature", "properties": {"nome": "162M - 6FO", "tipo": "cabo", "categoria": "ramal_area", "comprimento": "162", "fibras": "6", "cor_kml": "ff00ff00", "pontos": 3}, "geometry": {"type": "LineString", "coordinates": [[-41.353363653093, -21.805013722881995], [-41.352914803889, -21.805302270100995], [-41.352090070086, -21.805857889818]]}}, {"type": "Feature", "properties": {"nome": "315M - 12FO", "tipo": "cabo", "categoria": "backbone_area", "comprimento": "315", "fibras": "12", "cor_kml": "ffffff00", "pontos": 9}, "geometry": {"type": "LineString", "coordinates": [[-41.353431587109, -21.805442538828004], [-41.35386864659, -21.805155693466006], [-41.353896881265, -21.805107891218015], [-41.353707651006, -21.804845525491004], [-41.353650092454, -21.804838340207], [-41.353369876828, -21.805024549375005], [-41.35335733967, -21.805008150697006], [-41.354182067856, -21.80447169881502], [-41.354742915857, -21.804104668280004]]}}, {"type": "Feature", "properties": {"nome": "140M - 6FO", "tipo": "cabo", "categoria": "ramal_area", "comprimento": "140", "fibras": "6", "cor_kml": "ff00ffff", "pontos": 2}, "geometry": {"type": "LineString", "coordinates": [[-41.353439973659, -21.805441669252005], [-41.35232813766499, -21.806170793537007]]}}]}